"Landesliste";"Kandidat";"Position"
1;2;50
2;3;30
3;4;10
4;6;2
5;7;31
1;8;43
6;9;11
7;11;15
8;12;13
9;14;38
10;15;1
11;16;3
12;17;33
13;18;4
14;20;1
15;21;29
16;24;43
17;26;14
18;28;3
19;29;1
20;30;1
21;31;7
22;32;13
23;33;2
24;34;1
25;36;22
26;37;8
5;38;21
27;39;5
12;40;13
20;41;9
28;42;7
26;43;10
29;44;8
17;45;15
30;47;9
31;48;7
32;49;5
3;50;1
15;52;10
22;54;42
33;55;10
34;57;4
35;58;3
36;59;5
13;60;31
2;61;21
37;62;7
38;63;1
39;64;12
40;68;2
3;69;2
41;70;24
42;71;17
43;72;4
41;73;36
44;74;2
45;75;15
46;76;1
4;77;3
47;78;8
13;79;7
45;80;12
48;82;3
49;83;6
36;84;7
16;86;8
50;88;1
51;89;17
40;91;3
52;92;7
16;93;30
53;94;18
54;95;25
15;96;72
55;97;11
56;99;1
49;100;3
57;101;7
25;102;6
10;103;4
19;104;7
58;105;29
59;106;2
60;107;30
1;108;5
61;110;3
62;111;3
63;113;1
15;114;35
64;115;3
41;116;37
41;117;39
39;118;8
65;119;8
66;120;4
67;121;53
68;122;3
69;123;3
70;124;4
39;127;9
60;128;21
13;131;55
71;132;8
72;135;1
73;136;5
5;137;16
74;138;2
75;140;39
49;141;31
15;143;33
49;144;28
15;145;66
76;146;4
77;147;1
55;148;42
13;149;54
75;150;36
55;151;32
9;152;17
48;153;1
19;156;5
78;157;6
79;158;8
80;159;2
81;161;3
29;162;1
82;163;6
83;164;7
84;165;8
24;166;7
85;167;4
60;168;26
78;169;32
86;170;5
87;171;28
88;173;28
89;174;9
90;175;1
75;176;29
1;178;17
15;179;17
13;180;63
67;182;52
39;185;13
74;186;27
79;187;1
45;189;19
91;190;6
60;192;9
8;193;16
9;194;10
87;195;7
92;198;49
93;199;2
16;201;27
14;202;4
22;203;35
1;205;27
29;206;9
94;207;53
95;211;8
96;212;6
92;213;39
50;214;2
13;215;48
28;218;3
75;219;16
33;220;29
33;221;14
97;222;2
28;224;19
2;225;10
69;226;1
98;228;5
31;229;23
5;230;10
57;231;11
5;236;26
75;237;4
99;238;5
22;240;18
56;243;3
63;246;3
22;247;15
34;249;3
30;250;6
16;253;17
78;254;9
15;255;41
100;256;2
75;258;2
80;262;9
101;263;4
37;267;8
22;268;34
102;270;11
24;272;8
55;273;28
36;274;1
31;275;24
96;278;10
94;281;7
5;284;25
103;285;2
104;287;6
87;288;6
101;289;11
83;290;6
105;293;9
41;294;18
47;295;6
39;296;14
15;298;6
65;299;4
94;301;29
106;303;3
106;304;1
15;305;5
88;306;18
94;307;10
41;309;10
78;312;10
39;313;47
107;314;2
79;315;6
7;316;4
108;317;11
67;318;13
109;319;9
13;320;45
45;322;16
110;323;4
111;325;10
100;327;11
75;328;38
94;330;45
55;331;22
25;332;18
56;333;5
96;334;8
8;335;10
29;336;10
5;339;1
87;340;25
14;341;2
92;343;31
53;344;23
100;346;10
60;347;35
6;348;9
87;349;4
1;351;41
112;352;6
2;353;16
8;354;5
8;355;12
67;356;20
88;357;32
113;358;3
9;359;18
21;360;6
114;361;2
115;363;3
116;365;4
7;367;12
5;369;29
2;370;22
15;371;55
77;374;5
31;375;8
84;376;12
53;377;2
55;378;2
9;379;13
63;380;2
15;381;27
88;382;3
1;383;53
111;385;8
27;386;2
1;388;13
117;389;2
46;390;4
55;392;41
5;393;24
22;394;28
16;396;20
87;397;22
118;398;3
119;399;7
94;400;20
57;401;2
55;402;43
60;403;38
93;404;3
120;405;5
117;406;3
33;407;22
58;408;28
115;409;1
100;411;3
45;412;22
121;413;5
122;417;4
101;418;14
105;419;12
90;420;4
123;421;1
92;422;12
2;424;19
88;425;17
124;427;6
125;428;3
6;431;7
7;432;1
15;434;12
53;435;17
14;436;6
39;437;15
126;439;4
70;440;10
70;441;11
127;442;1
90;443;6
2;445;7
2;446;17
42;447;18
15;448;60
128;450;3
15;451;18
60;452;39
129;454;3
130;455;4
67;456;30
16;457;15
131;458;2
94;460;54
89;461;8
132;462;4
127;463;4
87;464;14
92;465;41
55;467;34
78;468;1
45;469;5
75;471;33
67;474;57
92;475;37
2;476;15
88;477;23
25;478;14
20;481;18
60;483;22
84;484;2
119;485;3
133;486;4
55;487;60
25;488;20
105;490;13
42;495;10
102;498;6
134;499;7
90;500;3
22;501;27
20;502;6
16;503;56
78;506;23
78;508;3
16;509;13
115;510;4
88;512;26
13;513;5
135;515;10
86;516;12
87;518;5
121;519;9
121;520;13
89;522;14
61;523;4
15;524;54
74;525;5
1;526;44
58;527;22
133;528;5
94;529;9
74;530;32
39;535;11
39;538;6
54;539;13
4;540;6
128;541;6
113;542;4
65;543;1
101;544;22
5;545;27
1;546;19
136;547;3
67;548;15
118;550;8
118;551;11
33;552;11
12;553;14
137;554;2
7;555;16
55;556;1
1;557;26
66;558;8
66;559;1
31;560;26
57;561;3
9;562;5
48;563;5
34;564;5
39;567;16
84;568;16
24;569;12
94;570;30
1;572;47
22;573;22
137;574;5
55;575;15
16;576;40
120;578;3
53;580;10
16;581;23
138;582;3
49;584;19
15;585;53
55;587;39
12;588;15
138;589;9
31;591;9
16;592;32
139;593;1
139;594;4
51;595;4
2;596;14
80;597;1
84;598;7
140;599;2
133;600;10
94;601;38
49;603;30
20;604;7
108;605;6
101;606;15
39;607;17
59;608;1
105;609;7
141;611;10
33;612;30
31;613;2
1;614;30
15;617;34
41;618;45
5;619;30
142;621;1
37;622;6
13;623;27
143;624;1
144;625;3
141;626;9
2;627;34
67;628;14
128;629;2
87;631;23
33;632;2
145;633;5
53;634;1
1;635;4
12;638;16
33;640;28
16;641;3
15;642;46
112;645;1
55;646;4
20;647;19
54;648;4
101;649;6
146;650;8
13;651;32
17;652;6
56;653;4
129;654;8
12;656;6
17;657;8
137;658;11
76;659;5
5;660;7
1;661;25
74;662;30
4;665;5
92;666;17
61;667;1
33;668;24
25;669;11
147;670;3
9;671;19
127;672;3
30;673;7
99;674;4
148;675;6
133;678;6
100;680;4
86;683;8
87;684;27
45;685;2
96;686;3
39;687;18
9;688;41
54;689;21
92;690;8
58;691;1
73;692;4
67;695;24
88;696;16
7;697;3
2;698;24
149;700;1
26;701;7
28;702;18
37;703;1
9;704;29
118;705;2
94;706;6
80;708;10
150;709;4
151;710;7
152;711;1
105;712;6
92;713;10
151;714;9
152;715;8
16;716;59
88;717;34
33;718;31
5;719;17
1;720;35
16;724;6
92;725;6
150;726;2
124;727;1
78;728;27
87;729;29
94;730;34
55;731;55
7;732;17
98;734;2
42;735;21
60;736;59
102;737;1
1;738;14
153;739;11
12;740;17
154;742;4
49;743;18
22;746;7
67;747;45
13;748;18
23;749;1
20;750;13
49;751;24
15;753;37
128;754;5
51;755;11
15;756;7
88;757;33
155;759;9
13;760;28
156;761;6
157;762;9
16;763;7
158;764;10
38;765;2
6;767;13
16;768;12
87;769;16
13;771;14
33;772;9
12;773;18
159;775;9
13;776;16
16;777;41
5;779;15
53;781;7
94;782;19
13;786;42
41;787;41
58;789;30
92;790;11
89;791;7
157;792;5
75;793;8
60;795;58
67;796;54
16;797;37
6;798;14
121;799;12
20;800;4
119;801;5
41;802;40
126;803;2
39;804;19
146;805;3
55;806;24
101;807;9
31;808;1
110;809;7
54;810;1
134;811;5
31;812;5
31;813;16
136;815;1
160;818;1
95;819;2
30;820;13
96;821;9
70;822;16
45;823;8
101;824;24
161;825;3
19;826;4
42;827;7
60;828;13
87;829;20
75;831;11
41;832;9
113;833;2
74;834;10
5;837;4
91;838;2
70;840;5
116;841;2
15;843;51
42;844;16
9;845;1
108;847;5
33;848;12
162;849;8
48;850;4
49;851;27
137;852;8
32;853;3
1;855;48
44;856;3
74;857;18
103;858;1
163;859;3
164;860;7
118;861;6
153;862;12
39;863;20
49;864;17
112;865;9
74;866;24
165;867;13
78;868;13
103;869;4
94;870;59
112;871;3
75;873;37
30;874;2
138;875;6
1;877;3
163;878;8
66;879;5
33;881;26
36;882;10
155;884;1
166;886;1
122;887;9
40;888;1
151;889;1
49;894;20
53;895;5
167;896;7
43;897;7
87;898;3
45;899;21
88;900;15
143;901;5
79;903;10
168;906;10
10;907;6
42;909;13
1;910;8
28;912;15
78;913;18
169;914;2
75;915;9
84;916;14
129;917;14
123;919;3
134;920;9
138;921;1
163;922;5
58;923;25
55;925;48
89;926;10
3;927;8
45;929;13
9;930;32
13;931;62
165;932;3
58;933;32
32;934;7
55;935;19
44;936;1
15;937;14
74;938;23
139;939;5
39;940;21
92;941;16
94;942;13
41;943;28
55;945;14
15;947;65
15;948;47
164;949;9
1;950;42
108;951;9
92;952;7
149;953;5
90;954;2
37;955;2
65;956;6
92;957;21
28;958;5
159;959;8
163;961;7
39;962;22
96;964;7
70;967;17
60;968;41
111;969;1
153;970;1
45;971;20
67;972;5
7;973;6
170;974;2
105;975;4
133;976;2
74;977;21
9;978;15
129;979;11
67;980;37
60;981;37
45;982;23
60;983;42
171;984;5
84;985;9
172;986;6
13;987;3
109;989;1
173;990;5
6;992;10
7;993;2
65;994;2
174;995;3
75;997;17
99;998;1
1;999;32
163;1000;2
135;1001;2
175;1003;3
98;1004;3
57;1005;8
28;1006;2
35;1009;2
176;1011;1
100;1014;6
25;1015;2
22;1016;21
49;1017;9
69;1018;2
167;1019;9
13;1020;46
1;1021;34
13;1022;33
80;1023;7
41;1024;17
120;1025;10
84;1026;10
177;1028;3
74;1031;19
100;1032;8
32;1033;8
53;1034;26
101;1035;17
25;1036;16
34;1037;2
94;1039;48
177;1041;5
26;1042;1
39;1043;23
178;1045;3
164;1046;8
12;1047;19
100;1048;1
49;1049;2
55;1050;37
39;1052;2
41;1053;44
78;1056;11
75;1057;18
165;1058;12
13;1060;2
74;1061;3
24;1062;14
129;1063;15
5;1064;28
145;1066;1
94;1068;46
22;1069;11
67;1071;28
4;1072;4
133;1073;3
29;1074;5
65;1075;5
41;1076;19
28;1077;17
179;1078;2
13;1079;47
92;1081;22
53;1082;20
180;1083;3
41;1085;15
55;1087;3
75;1088;10
78;1089;31
12;1091;20
122;1093;5
181;1094;10
114;1095;6
22;1096;41
20;1098;15
94;1099;3
17;1102;10
101;1103;26
49;1104;15
21;1105;8
169;1107;1
91;1108;1
182;1109;3
16;1110;47
87;1111;18
3;1112;6
182;1113;5
79;1114;2
55;1115;45
16;1116;28
15;1117;15
13;1119;34
15;1122;61
15;1123;9
94;1124;41
81;1125;8
33;1126;35
41;1127;31
17;1129;13
60;1130;34
127;1132;6
124;1134;3
58;1135;13
9;1137;20
75;1138;35
9;1140;31
90;1141;7
67;1142;17
74;1143;13
16;1144;42
24;1145;6
47;1146;4
54;1148;6
2;1151;31
58;1152;26
41;1154;33
49;1155;4
125;1156;6
88;1157;24
30;1158;4
152;1159;9
8;1161;3
134;1165;1
151;1166;2
14;1167;5
79;1168;9
39;1169;24
82;1170;2
13;1171;44
89;1173;5
114;1174;8
174;1175;4
150;1176;5
51;1178;1
158;1179;12
181;1181;1
25;1183;4
53;1185;16
94;1186;4
15;1187;32
42;1188;1
183;1189;5
153;1190;4
49;1191;32
137;1193;9
90;1194;10
5;1195;5
168;1196;1
2;1197;3
86;1198;7
74;1200;1
31;1201;21
184;1202;3
24;1203;9
78;1204;29
66;1205;9
144;1206;1
2;1207;26
75;1208;1
106;1209;4
100;1210;12
170;1212;1
5;1214;3
42;1215;9
27;1216;3
81;1217;7
149;1218;4
114;1221;11
12;1222;2
166;1223;6
1;1225;11
162;1227;10
139;1228;3
45;1229;4
12;1230;21
67;1231;27
55;1232;44
132;1236;1
55;1237;38
92;1238;30
80;1239;5
88;1240;1
100;1241;7
146;1242;5
15;1243;64
185;1244;3
6;1245;4
60;1246;18
151;1249;16
22;1250;24
47;1252;7
42;1253;15
16;1254;36
53;1255;14
16;1256;4
133;1257;8
142;1258;5
86;1259;13
105;1261;5
54;1262;8
54;1263;9
20;1264;10
20;1265;2
12;1269;22
94;1270;22
47;1272;3
96;1273;12
15;1274;25
13;1275;40
26;1276;5
39;1277;10
105;1278;10
183;1279;11
161;1280;8
2;1281;6
39;1282;25
39;1283;26
121;1284;6
60;1285;23
21;1286;4
93;1289;5
156;1290;5
156;1291;3
179;1293;3
67;1294;42
87;1295;21
109;1296;7
107;1297;4
9;1300;34
164;1301;5
74;1303;25
133;1305;9
166;1308;7
94;1310;44
94;1312;39
36;1313;8
33;1314;33
2;1315;2
43;1317;5
159;1318;10
163;1319;9
49;1320;29
33;1321;32
101;1322;19
176;1323;2
41;1324;43
178;1325;6
183;1326;2
20;1327;20
51;1329;5
186;1330;4
92;1331;45
165;1332;11
51;1335;16
96;1336;11
49;1337;16
79;1338;5
2;1339;27
55;1341;51
60;1342;14
54;1343;5
70;1344;8
49;1345;26
41;1347;1
27;1348;4
33;1349;19
103;1350;3
58;1351;8
5;1352;14
75;1353;14
113;1354;6
78;1355;26
33;1357;15
171;1359;11
15;1360;48
2;1362;25
57;1363;4
153;1364;8
96;1365;2
104;1366;4
6;1367;15
31;1368;4
8;1370;6
112;1371;8
17;1372;2
22;1373;40
121;1374;8
5;1375;22
121;1376;10
43;1378;1
80;1379;4
67;1381;22
65;1383;7
92;1386;13
37;1387;4
67;1388;33
67;1389;46
16;1390;19
94;1391;8
94;1392;52
60;1396;29
134;1399;4
137;1400;6
53;1404;19
75;1407;3
1;1408;2
156;1409;4
16;1410;10
60;1412;3
155;1415;7
45;1417;10
15;1418;16
55;1419;59
97;1420;1
87;1421;24
28;1422;20
9;1423;37
75;1426;34
139;1427;7
165;1428;1
165;1429;5
171;1431;12
6;1434;5
111;1435;13
24;1436;19
54;1438;11
151;1441;10
24;1442;10
13;1444;51
6;1445;6
78;1446;24
184;1447;1
28;1448;14
39;1449;4
58;1451;23
21;1452;10
86;1453;11
45;1454;24
31;1455;13
54;1457;7
92;1458;2
47;1459;2
34;1460;10
92;1461;15
16;1464;58
154;1465;5
95;1466;5
54;1467;17
119;1469;2
119;1470;6
162;1474;1
94;1475;32
74;1476;11
19;1477;3
120;1478;8
20;1479;8
21;1480;9
118;1481;12
173;1482;3
146;1483;10
46;1484;3
152;1485;2
55;1486;7
88;1487;29
16;1492;25
75;1493;6
88;1495;22
9;1496;21
58;1497;3
31;1498;27
16;1502;54
164;1504;4
42;1506;8
184;1507;9
2;1508;33
53;1509;13
92;1510;26
94;1512;37
87;1513;9
16;1514;29
29;1515;11
84;1516;13
88;1517;13
181;1518;2
122;1519;6
1;1520;20
74;1522;7
41;1524;8
187;1525;1
6;1527;16
44;1529;6
78;1530;16
70;1531;7
67;1532;47
21;1533;3
186;1534;3
42;1535;4
108;1536;3
114;1539;4
148;1540;4
67;1541;9
22;1542;32
17;1543;16
49;1546;5
18;1547;2
14;1548;7
100;1549;9
113;1551;8
55;1552;58
188;1553;5
1;1554;16
40;1555;5
155;1556;11
60;1557;55
75;1558;27
29;1559;3
42;1561;20
9;1562;3
60;1563;33
154;1564;3
171;1565;4
105;1567;1
52;1568;4
2;1570;28
168;1571;4
63;1572;5
16;1573;5
34;1575;1
39;1576;27
110;1577;3
157;1579;2
139;1580;2
122;1581;2
111;1582;12
15;1583;24
70;1584;13
101;1585;8
60;1587;45
92;1592;5
24;1593;3
60;1595;12
78;1596;19
41;1600;23
36;1601;3
155;1602;4
9;1603;11
55;1605;18
3;1606;7
1;1607;12
30;1608;5
137;1609;4
10;1611;7
173;1612;2
189;1613;5
162;1614;9
16;1615;60
56;1616;2
91;1618;3
164;1620;1
22;1621;19
114;1623;7
51;1624;9
78;1625;5
33;1627;3
108;1628;4
15;1632;40
82;1633;4
94;1634;31
74;1635;8
33;1637;36
67;1638;16
92;1639;3
130;1640;6
74;1641;29
102;1642;4
137;1643;1
15;1644;36
151;1645;12
80;1646;8
155;1647;8
129;1648;6
9;1650;36
17;1651;17
45;1652;9
190;1653;5
186;1654;6
152;1655;4
58;1656;17
70;1658;15
57;1659;12
15;1661;30
39;1662;5
55;1665;29
104;1666;2
15;1667;19
143;1668;8
31;1669;17
96;1670;1
78;1671;33
188;1672;1
155;1673;13
92;1674;4
78;1675;17
123;1676;5
74;1677;26
24;1678;2
191;1679;1
86;1680;10
33;1681;7
122;1682;3
7;1683;8
122;1686;10
180;1690;1
74;1691;6
154;1692;1
128;1693;1
37;1694;3
157;1696;1
16;1698;48
15;1699;68
42;1700;25
95;1701;3
92;1703;27
164;1704;3
89;1705;4
67;1706;34
83;1707;8
98;1709;1
102;1710;7
184;1711;14
85;1712;1
105;1713;11
22;1714;6
60;1715;10
94;1716;1
89;1717;2
178;1719;7
83;1721;5
81;1722;1
141;1723;3
12;1724;7
54;1725;15
33;1726;4
41;1727;29
116;1729;1
47;1730;5
55;1732;50
116;1733;3
16;1734;52
5;1736;18
98;1737;6
9;1738;12
75;1740;25
13;1741;23
165;1742;10
5;1743;11
68;1744;2
88;1745;31
166;1746;2
68;1747;1
148;1748;9
88;1749;6
12;1750;23
15;1752;49
168;1753;9
184;1754;7
104;1755;1
127;1756;7
17;1757;7
92;1758;23
105;1759;15
67;1760;21
109;1761;6
51;1764;3
23;1768;3
108;1769;10
88;1773;4
113;1774;1
49;1775;23
51;1776;2
26;1777;4
97;1778;3
183;1779;13
30;1780;3
13;1782;61
183;1784;12
111;1785;6
153;1786;13
183;1787;1
1;1789;36
49;1790;12
31;1792;22
5;1793;19
67;1794;23
141;1795;2
184;1796;6
67;1797;1
26;1798;6
92;1799;1
54;1801;24
94;1802;58
16;1803;49
67;1805;51
109;1806;4
101;1807;7
192;1808;1
125;1809;5
29;1810;6
159;1811;3
35;1812;1
114;1813;3
67;1815;58
108;1816;2
124;1818;4
13;1819;29
2;1820;18
24;1821;15
16;1822;9
105;1823;14
108;1824;1
168;1825;6
89;1828;3
88;1829;9
92;1830;40
75;1833;19
41;1834;11
189;1835;2
130;1837;5
3;1838;4
187;1839;2
144;1840;5
167;1841;4
118;1842;5
11;1845;5
158;1846;9
173;1848;6
112;1849;13
102;1850;9
126;1852;5
55;1853;6
2;1854;1
109;1855;3
36;1857;12
115;1860;2
28;1861;12
60;1863;61
153;1865;15
151;1866;14
67;1867;12
55;1868;25
45;1870;18
111;1871;7
74;1872;20
125;1874;4
181;1875;6
92;1876;44
108;1877;7
55;1879;8
172;1880;2
72;1881;4
88;1882;27
21;1883;1
83;1885;4
71;1886;5
85;1888;2
15;1890;38
135;1891;6
60;1892;8
89;1893;13
43;1894;6
185;1900;2
13;1901;43
54;1902;14
25;1904;15
49;1905;33
161;1906;12
94;1907;36
121;1908;2
121;1909;7
102;1910;5
17;1911;5
60;1912;57
39;1914;28
13;1915;26
42;1916;3
83;1917;1
33;1918;27
111;1919;11
137;1920;7
24;1921;11
25;1922;9
130;1923;1
39;1924;29
89;1926;18
111;1927;14
151;1928;4
49;1929;22
53;1930;15
74;1933;16
95;1934;4
60;1935;63
99;1936;3
71;1937;1
54;1940;20
95;1941;6
55;1942;12
75;1943;20
5;1944;9
164;1946;10
64;1947;6
181;1948;9
155;1950;10
155;1951;5
144;1952;4
144;1953;2
148;1955;5
17;1957;4
33;1959;13
31;1960;10
8;1962;15
92;1964;28
33;1965;5
9;1966;23
158;1967;6
19;1968;2
21;1970;11
55;1971;46
151;1972;6
28;1973;1
31;1974;6
133;1975;13
12;1976;24
22;1977;23
71;1978;6
129;1981;9
94;1982;25
174;1983;1
112;1984;4
67;1986;19
157;1987;8
70;1988;3
43;1989;2
84;1990;3
67;1991;4
6;1992;8
88;1993;7
12;1994;26
7;1995;14
41;1996;7
31;1997;12
118;1998;7
6;1999;12
67;2000;18
84;2001;19
34;2002;6
12;2004;25
136;2005;2
105;2007;3
78;2008;2
159;2011;1
86;2013;2
9;2014;27
15;2016;22
41;2018;32
22;2019;5
78;2020;34
110;2021;2
166;2022;4
13;2024;25
107;2025;1
41;2026;25
35;2027;4
25;2028;19
193;2029;5
94;2030;35
175;2031;1
58;2034;14
117;2035;1
124;2036;7
55;2037;49
12;2038;27
78;2039;15
163;2040;10
146;2041;7
101;2042;18
83;2043;3
101;2044;23
13;2046;17
17;2047;12
92;2048;14
39;2049;30
55;2050;10
53;2051;24
135;2053;9
66;2054;12
194;2055;3
12;2056;28
94;2057;16
11;2058;6
158;2059;11
9;2060;35
72;2061;2
178;2062;1
190;2063;2
109;2064;11
53;2065;3
177;2066;2
75;2070;21
8;2071;4
8;2072;7
49;2073;10
112;2074;10
161;2075;10
193;2076;3
81;2077;4
149;2078;2
149;2079;3
16;2080;18
58;2081;18
60;2082;52
159;2083;4
45;2084;6
58;2085;27
13;2087;10
94;2088;49
13;2089;24
106;2091;5
2;2093;8
133;2095;1
60;2096;50
102;2097;3
169;2098;5
155;2099;3
81;2100;9
189;2101;4
186;2102;2
9;2103;14
41;2104;22
113;2105;10
183;2107;7
92;2110;20
171;2111;9
13;2113;11
26;2114;3
11;2115;2
1;2116;54
74;2117;9
161;2118;2
15;2120;20
20;2121;3
118;2122;1
16;2123;14
13;2125;9
12;2126;5
32;2127;2
110;2128;1
166;2129;5
24;2130;5
31;2131;18
152;2133;6
101;2134;27
57;2135;1
18;2136;1
98;2137;9
120;2138;7
15;2139;1
15;2142;67
2;2143;12
55;2144;21
13;2145;30
101;2147;10
188;2149;4
60;2152;47
184;2155;12
49;2156;1
62;2159;2
80;2160;6
183;2161;3
169;2164;6
143;2166;4
158;2167;1
176;2168;4
28;2170;10
39;2171;31
193;2172;1
61;2173;2
81;2175;2
60;2176;54
74;2177;28
39;2179;32
67;2180;40
67;2181;38
127;2182;2
151;2183;8
44;2184;4
75;2186;32
125;2187;1
125;2188;8
91;2189;4
89;2190;20
88;2191;2
162;2192;4
67;2193;35
65;2194;3
78;2195;8
15;2196;11
44;2197;5
49;2198;7
22;2199;20
74;2200;31
94;2203;18
190;2204;3
15;2205;62
143;2206;2
158;2207;2
1;2208;52
42;2209;2
167;2210;2
1;2212;28
182;2213;1
84;2216;15
20;2217;22
81;2218;10
88;2220;36
158;2221;5
12;2222;29
172;2224;5
25;2226;13
157;2227;3
22;2228;36
120;2230;2
81;2231;5
105;2233;8
100;2235;5
146;2236;1
98;2237;8
194;2238;5
55;2239;5
55;2240;9
147;2242;5
74;2244;14
109;2245;8
58;2246;20
74;2248;12
92;2249;19
98;2250;7
41;2251;26
9;2252;4
120;2254;9
20;2255;11
84;2257;4
57;2260;10
1;2261;31
32;2262;1
109;2263;2
94;2264;55
1;2265;7
41;2266;42
188;2268;3
75;2269;26
42;2270;11
92;2271;9
67;2272;55
25;2273;21
74;2274;17
151;2276;11
118;2277;4
119;2278;4
119;2279;1
71;2280;2
70;2282;1
17;2283;9
163;2284;1
32;2286;4
183;2287;6
168;2288;8
15;2289;31
186;2290;1
58;2293;31
143;2295;6
191;2296;4
79;2297;4
22;2299;25
85;2300;7
184;2301;11
90;2304;5
195;2305;2
41;2306;6
41;2307;27
3;2308;9
31;2309;3
12;2310;30
167;2311;6
15;2312;69
94;2313;12
183;2314;10
39;2316;33
50;2317;3
51;2318;6
89;2319;19
4;2320;1
186;2321;5
2;2322;13
16;2323;2
99;2325;6
60;2326;31
28;2327;6
53;2328;11
45;2329;14
155;2330;2
85;2332;3
78;2333;28
92;2335;32
94;2336;2
39;2339;34
151;2340;3
159;2341;6
16;2342;55
94;2344;11
16;2345;21
60;2346;62
161;2347;5
92;2348;25
89;2350;1
161;2352;7
161;2353;1
94;2356;51
67;2357;56
15;2358;56
6;2362;1
161;2363;6
16;2364;35
7;2365;9
30;2366;10
137;2367;10
67;2368;26
66;2369;2
15;2370;59
12;2373;31
140;2374;1
15;2375;26
101;2376;3
55;2377;30
103;2378;6
103;2379;7
39;2380;35
1;2381;1
71;2382;7
75;2383;22
118;2384;9
39;2385;7
82;2386;3
9;2387;33
15;2388;63
58;2389;19
114;2390;9
41;2391;14
55;2392;52
148;2393;10
92;2394;43
67;2395;43
101;2396;28
168;2397;13
45;2398;17
13;2399;13
22;2400;10
171;2402;6
22;2403;16
20;2404;5
94;2405;14
16;2406;31
155;2407;6
94;2409;27
29;2412;4
86;2413;9
162;2418;3
13;2419;1
48;2421;2
104;2422;5
59;2423;3
87;2425;10
168;2426;11
41;2427;34
22;2428;30
20;2429;12
176;2430;3
86;2431;4
33;2434;17
192;2435;3
21;2437;12
191;2438;3
98;2439;4
135;2440;7
42;2441;22
159;2442;2
148;2443;1
129;2445;5
189;2447;7
22;2448;9
9;2450;25
55;2451;17
92;2452;34
12;2453;10
88;2454;11
7;2455;10
13;2456;53
181;2457;3
12;2458;32
10;2459;2
122;2460;7
2;2462;20
7;2464;11
141;2465;5
2;2466;9
8;2468;8
157;2469;4
13;2470;49
180;2471;4
132;2472;2
49;2473;13
177;2475;4
165;2476;14
1;2478;24
196;2479;2
118;2480;10
102;2481;2
88;2483;19
133;2484;12
70;2485;2
123;2486;2
153;2487;5
109;2490;12
67;2492;44
89;2493;12
124;2494;8
80;2496;3
88;2497;35
59;2498;6
103;2499;8
64;2500;1
60;2502;11
13;2503;60
41;2504;2
1;2505;46
78;2506;14
22;2507;29
196;2511;1
89;2512;15
60;2513;19
58;2514;24
197;2515;4
22;2516;17
63;2517;4
25;2518;5
190;2522;4
112;2523;5
3;2524;5
145;2525;3
89;2526;6
89;2528;17
154;2529;2
20;2530;16
30;2531;12
148;2532;8
28;2535;13
67;2536;49
15;2537;39
168;2538;3
5;2539;12
94;2540;5
78;2541;25
16;2544;46
193;2545;4
31;2546;19
163;2548;6
13;2550;58
21;2551;5
121;2553;4
112;2554;2
82;2555;1
33;2556;20
75;2557;31
106;2559;2
25;2560;1
146;2561;2
45;2562;1
5;2563;8
188;2564;8
33;2565;6
22;2566;2
134;2568;6
166;2569;3
13;2571;21
15;2574;23
92;2575;33
75;2578;13
36;2579;13
83;2580;9
167;2581;10
101;2582;20
1;2584;40
78;2586;22
127;2587;5
24;2588;20
16;2590;39
9;2591;6
13;2592;22
66;2593;3
1;2594;10
94;2596;42
71;2597;3
58;2598;21
43;2599;3
77;2601;4
164;2602;2
9;2604;7
147;2607;1
55;2608;35
9;2609;28
175;2610;2
146;2611;9
60;2613;7
59;2614;7
29;2615;7
13;2616;50
147;2617;2
13;2620;41
60;2621;44
84;2622;5
119;2623;8
33;2624;18
15;2625;57
194;2626;2
22;2627;14
107;2629;5
167;2632;5
75;2633;7
15;2634;52
60;2635;36
72;2636;3
134;2637;2
2;2638;4
172;2639;1
16;2640;11
66;2641;7
101;2642;29
62;2644;4
60;2645;1
39;2646;37
78;2647;12
51;2648;10
108;2649;8
141;2651;7
87;2652;17
9;2653;24
45;2654;7
183;2655;8
74;2656;15
60;2657;2
39;2658;36
45;2659;3
15;2660;13
33;2661;8
33;2662;34
82;2663;5
138;2665;8
161;2666;9
161;2667;11
36;2670;2
168;2671;5
41;2672;46
92;2675;46
60;2677;43
113;2678;5
24;2681;4
181;2682;5
17;2683;11
1;2684;6
1;2685;15
15;2686;21
79;2688;12
16;2690;34
76;2691;1
83;2692;11
172;2694;7
12;2695;8
122;2697;8
75;2698;5
153;2699;7
92;2700;24
58;2701;7
30;2702;11
120;2703;6
28;2705;4
101;2706;16
53;2708;9
84;2709;17
84;2710;1
12;2711;12
31;2712;14
54;2714;22
156;2715;1
156;2716;7
42;2717;24
13;2718;57
75;2720;23
141;2722;6
198;2723;1
94;2724;26
88;2726;21
145;2727;2
13;2728;12
22;2729;12
167;2730;3
22;2731;39
67;2732;48
74;2733;4
60;2734;17
162;2737;6
162;2738;2
66;2739;10
15;2740;42
36;2741;14
46;2742;5
184;2743;15
189;2744;3
58;2745;16
69;2746;5
15;2747;4
92;2748;38
92;2749;35
153;2750;10
125;2751;7
21;2752;2
49;2753;11
125;2755;2
20;2756;14
49;2758;25
58;2760;12
34;2761;7
188;2764;9
30;2765;1
151;2766;13
60;2767;56
197;2769;1
14;2770;8
20;2771;17
183;2773;9
58;2774;15
69;2775;6
24;2777;18
54;2779;23
24;2780;13
80;2781;11
75;2782;12
10;2785;5
9;2786;8
13;2790;37
54;2792;16
70;2793;6
28;2795;16
170;2796;3
39;2797;38
88;2798;25
114;2800;10
138;2801;2
138;2802;10
197;2803;3
120;2804;1
113;2805;9
88;2806;20
9;2807;39
90;2809;8
159;2811;12
51;2813;18
25;2814;17
150;2816;3
149;2817;6
58;2818;2
55;2819;33
101;2820;2
146;2821;6
8;2822;11
15;2824;70
184;2825;13
54;2826;3
143;2828;7
151;2829;5
42;2830;23
39;2832;42
87;2833;11
142;2834;3
123;2836;4
146;2837;4
15;2838;73
39;2839;40
167;2840;1
167;2841;8
78;2842;4
13;2844;38
2;2845;29
94;2846;17
150;2847;1
173;2848;4
163;2850;4
42;2851;12
130;2855;7
123;2856;6
67;2857;10
101;2858;12
96;2859;13
191;2860;2
86;2861;3
134;2862;10
76;2864;3
98;2865;10
109;2866;10
51;2868;7
126;2870;1
52;2872;6
23;2873;5
94;2874;43
1;2875;9
169;2876;3
1;2877;55
67;2879;6
39;2880;39
64;2881;5
199;2882;3
15;2883;43
15;2884;2
55;2886;13
171;2887;3
15;2888;28
1;2890;29
39;2891;3
13;2892;52
55;2893;47
162;2894;7
75;2895;30
33;2897;16
138;2898;5
55;2900;57
88;2901;10
12;2902;4
31;2903;28
22;2905;31
30;2907;8
46;2910;2
78;2911;21
75;2914;24
165;2916;7
95;2917;7
87;2918;13
103;2920;5
180;2922;2
84;2924;11
39;2925;41
67;2926;29
94;2927;50
54;2928;2
184;2929;4
24;2930;16
12;2931;34
153;2934;9
16;2935;57
73;2938;2
36;2941;11
178;2942;2
39;2944;43
41;2945;4
34;2946;8
79;2947;11
55;2951;31
77;2952;3
101;2953;25
53;2954;21
199;2955;2
107;2956;3
105;2958;2
60;2960;16
85;2961;6
88;2962;14
13;2963;8
60;2964;46
5;2965;20
122;2966;1
88;2967;12
71;2968;9
52;2969;1
1;2971;37
9;2973;2
121;2975;11
9;2977;22
12;2979;9
16;2980;44
130;2983;3
67;2984;8
138;2985;4
19;2987;8
85;2988;5
152;2989;7
55;2990;26
53;2991;8
141;2993;4
15;2995;58
1;2996;23
75;2997;28
7;2998;7
28;2999;9
65;3001;10
200;3002;3
67;3003;2
60;3004;60
190;3005;1
41;3006;30
60;3007;48
26;3008;9
31;3009;11
165;3010;8
183;3011;14
1;3012;38
165;3015;9
9;3016;9
54;3017;10
197;3018;2
153;3019;6
54;3020;12
58;3021;6
51;3022;13
172;3023;4
168;3024;7
111;3026;4
99;3027;2
39;3029;44
145;3030;4
110;3031;6
159;3034;7
102;3035;10
41;3036;3
194;3037;1
15;3039;3
55;3040;20
6;3041;3
5;3042;13
65;3043;9
8;3044;14
129;3046;1
168;3048;12
1;3050;39
60;3052;51
189;3053;6
8;3054;9
3;3056;3
150;3057;6
79;3058;7
28;3059;11
31;3060;25
173;3062;1
67;3063;3
62;3064;1
16;3065;53
16;3066;26
158;3067;7
102;3069;8
181;3071;4
41;3073;35
101;3074;5
41;3075;5
67;3076;39
15;3079;8
178;3083;8
19;3084;6
13;3085;20
1;3087;33
54;3088;19
42;3089;6
159;3090;5
17;3091;3
128;3092;4
60;3094;5
86;3096;6
94;3097;15
159;3099;11
2;3101;23
36;3102;9
36;3103;6
143;3104;9
148;3105;2
55;3106;16
181;3109;7
131;3110;1
135;3111;4
132;3113;3
57;3114;6
14;3115;3
184;3117;10
155;3119;12
53;3120;6
101;3121;13
32;3122;9
22;3123;37
39;3124;45
22;3125;38
13;3128;59
81;3129;6
58;3131;4
55;3132;27
143;3133;3
151;3134;15
41;3137;13
75;3138;15
1;3139;22
71;3140;4
33;3141;23
193;3142;2
183;3143;4
15;3144;71
95;3145;1
16;3146;38
54;3148;18
1;3149;18
1;3151;51
60;3152;24
199;3153;1
51;3154;8
32;3155;6
25;3158;12
165;3159;6
87;3160;1
7;3161;5
86;3162;1
20;3163;21
55;3164;36
11;3165;7
25;3167;8
25;3168;3
67;3170;11
188;3172;10
178;3173;4
174;3174;2
71;3175;10
8;3176;2
12;3177;35
145;3178;6
92;3179;18
58;3180;9
38;3181;3
112;3182;7
171;3183;1
87;3185;12
153;3186;2
70;3187;9
94;3188;40
13;3189;56
147;3191;4
16;3192;22
135;3193;3
111;3194;9
87;3195;8
114;3196;5
88;3197;8
94;3199;56
39;3201;46
25;3202;7
157;3204;6
84;3206;6
27;3207;1
9;3208;26
6;3209;2
13;3210;35
55;3211;54
184;3212;2
96;3213;14
94;3214;47
87;3215;19
13;3217;19
87;3218;26
138;3219;7
98;3221;11
112;3223;11
73;3224;1
1;3227;21
130;3228;2
67;3229;41
60;3230;49
68;3231;4
83;3233;2
12;3234;36
134;3236;8
22;3238;4
11;3240;1
11;3241;4
16;3242;50
112;3243;12
133;3244;7
135;3245;5
41;3246;20
171;3247;8
42;3248;19
10;3249;3
169;3250;4
16;3251;24
171;3252;10
16;3253;16
185;3254;1
171;3255;14
153;3256;3
178;3257;5
129;3258;7
111;3259;3
2;3260;11
121;3261;1
33;3262;1
131;3263;3
135;3264;1
60;3265;40
67;3266;7
37;3267;5
171;3268;2
94;3269;28
142;3270;4
1;3272;45
158;3274;8
78;3277;7
76;3278;2
143;3279;10
94;3280;33
148;3281;3
73;3282;6
152;3284;5
79;3285;3
66;3286;11
23;3287;4
101;3288;1
2;3291;5
58;3292;5
158;3293;4
200;3294;2
42;3295;5
124;3296;2
58;3297;11
115;3298;5
60;3299;53
60;3300;27
139;3302;6
129;3303;10
134;3305;3
49;3306;14
59;3310;4
165;3311;2
179;3312;1
31;3313;15
8;3315;1
88;3318;30
12;3319;1
45;3320;11
15;3321;44
161;3322;4
17;3325;19
13;3326;36
109;3328;5
26;3329;2
92;3330;47
58;3331;10
39;3333;1
110;3334;5
9;3335;40
182;3336;4
51;3337;12
16;3340;45
101;3341;21
12;3343;11
55;3345;56
78;3346;20
111;3347;5
69;3349;4
36;3350;4
141;3351;1
22;3353;33
9;3354;16
171;3355;7
193;3356;6
39;3357;48
33;3358;25
22;3359;26
153;3361;14
53;3362;4
152;3363;3
55;3364;53
67;3365;32
39;3366;49
195;3368;1
70;3370;14
67;3371;36
51;3373;15
94;3374;24
87;3376;15
156;3377;2
51;3378;14
60;3381;6
111;3382;2
150;3384;7
94;3385;57
53;3387;12
194;3388;4
83;3389;10
60;3391;25
200;3392;1
91;3393;7
25;3394;23
2;3395;32
90;3397;9
171;3398;13
90;3399;11
96;3400;5
73;3401;3
165;3402;4
52;3403;8
41;3404;38
1;3407;49
60;3408;20
16;3409;1
57;3410;5
59;3411;5
102;3413;12
55;3414;23
89;3415;11
60;3416;28
135;3417;8
41;3418;12
129;3419;4
60;3421;4
93;3422;1
5;3423;23
22;3424;1
77;3425;2
91;3426;5
15;3427;45
157;3428;7
93;3429;4
188;3430;2
96;3433;4
182;3434;2
60;3435;15
12;3436;37
162;3437;5
12;3438;3
121;3440;3
49;3442;8
5;3443;6
181;3445;8
41;3446;16
158;3447;3
28;3448;8
164;3449;6
94;3451;21
12;3452;38
168;3453;2
53;3455;25
64;3456;4
49;3457;21
60;3459;32
17;3460;18
89;3461;16
87;3462;2
47;3463;1
142;3464;2
39;3465;50
175;3466;4
5;3467;2
57;3469;9
92;3470;48
9;3471;30
13;3472;39
25;3474;10
13;3475;6
31;3476;20
55;3477;40
32;3478;10
78;3479;30
177;3480;1
124;3481;5
34;3484;9
40;3485;4
74;3486;22
70;3487;12
88;3488;5
137;3490;3
189;3491;1
171;3492;15
126;3493;3
16;3494;51
92;3495;36
16;3496;33
120;3497;4
42;3498;14
92;3499;42
172;3501;3
184;3504;8
53;3507;22
92;3508;29
112;3511;14
52;3512;3
104;3513;3
22;3514;8
29;3515;2
129;3517;12
24;3518;17
7;3519;13
67;3520;25
129;3521;13
114;3522;1
188;3523;7
174;3524;5
129;3525;2
66;3526;13
141;3527;8
192;3528;2
67;3529;50
66;3530;6
148;3533;7
188;3534;6
41;3536;21
67;3537;31
52;3538;5
160;3539;2
64;3540;2
133;3541;11
184;3542;5
75;3543;40
98;3544;12
113;3545;7
33;3547;21
13;3548;15
15;3549;50
38;3550;4
52;3551;2
84;3552;18
17;3554;1
94;3555;23
22;3556;3
