"Legislaturperiode";"Kandidat";"Partei";"Wahlkreis";"Stimmen";"Stimmenprozent"
17;3474;"SPD";1;52139;32.75
17;263;"CDU";1;61793;38.81
17;2291;"FDP";1;15292;9.6
17;2167;"GRÜNE";1;16399;10.3
17;1325;"DIE LINKE";1;11918;7.49
17;3033;"NPD";1;1302;0.82
17;1309;"ZENTRUM";1;369;0.23
17;669;"SPD";2;36642;27.91
17;1807;"CDU";2;56751;43.23
17;2761;"FDP";2;15184;11.57
17;2912;"GRÜNE";2;12840;9.78
17;3276;"DIE LINKE";2;8208;6.25
17;1361;"NPD";2;1231;0.94
17;23;;2;433;0.33
17;3167;"SPD";3;37277;29.83
17;1585;"CDU";3;49779;39.83
17;1575;"FDP";3;16037;12.83
17;3274;"GRÜNE";3;10665;8.53
17;438;"DIE LINKE";3;8896;7.12
17;2411;"NPD";3;1603;1.28
17;2285;;3;715;0.57
17;2518;"SPD";4;47610;32.47
17;3288;"CDU";4;58876;40.16
17;57;"FDP";4;14317;9.77
17;1967;"GRÜNE";4;14790;10.09
17;1402;"DIE LINKE";4;8729;5.95
17;2694;"NPD";4;1344;0.92
17;3166;;4;948;0.65
17;102;"SPD";5;54398;38.3
17;2376;"CDU";5;42733;30.08
17;249;"FDP";5;12188;8.58
17;2241;"GRÜNE";5;18699;13.16
17;2062;"DIE LINKE";5;11817;8.32
17;986;"NPD";5;1392;0.98
17;3441;;5;814;0.57
17;1922;"SPD";6;41683;33.43
17;2147;"CDU";6;48136;38.61
17;3484;"FDP";6;12515;10.04
17;764;"GRÜNE";6;12187;9.77
17;1045;"DIE LINKE";6;7871;6.31
17;1880;"NPD";6;1363;1.09
17;2673;;6;924;0.74
17;2560;"SPD";7;54950;31.8
17;2820;"CDU";7;70458;40.77
17;1460;"FDP";7;17018;9.85
17;3447;"GRÜNE";7;16143;9.34
17;342;"DIE LINKE";7;11794;6.83
17;3023;"NPD";7;1912;1.11
17;1219;;7;529;0.31
17;3168;"SPD";8;54065;30.61
17;3074;"CDU";8;70290;39.8
17;564;"FDP";8;20084;11.37
17;3072;"GRÜNE";8;16633;9.42
17;177;"DIE LINKE";8;12527;7.09
17;2639;"NPD";8;1797;1.02
17;3098;;8;783;0.44
17;2674;;8;442;0.25
17;1015;"SPD";9;43765;34.23
17;807;"CDU";9;49363;38.6
17;2946;"FDP";9;14397;11.26
17;783;"GRÜNE";9;10411;8.14
17;1090;"DIE LINKE";9;8235;6.44
17;3184;"NPD";9;1270;0.99
17;1306;;9;433;0.34
17;3202;"SPD";10;53073;29.87
17;289;"CDU";10;70874;39.89
17;1037;"FDP";10;19742;11.11
17;2207;"GRÜNE";10;18761;10.56
17;204;"DIE LINKE";10;12351;6.95
17;2224;"NPD";10;2330;1.31
17;1432;"DIE VIOLETTEN";10;553;0.31
17;1183;"SPD";11;44393;36.66
17;649;"CDU";11;36745;30.34
17;2002;"FDP";11;13296;10.98
17;1590;"GRÜNE";11;14098;11.64
17;3173;"DIE LINKE";11;10973;9.06
17;3501;"NPD";11;1595;1.32
17;238;"SPD";12;27590;20.52
17;3090;"CDU";12;45383;33.75
17;380;"DIE LINKE";12;40419;30.06
17;337;"FDP";12;9969;7.41
17;2917;"GRÜNE";12;6520;4.85
17;1550;"NPD";12;3976;2.96
17;1443;;12;618;0.46
17;998;"SPD";13;30247;25.58
17;2083;"CDU";13;34633;29.29
17;113;"DIE LINKE";13;33681;28.48
17;15;"FDP";13;9401;7.95
17;819;"GRÜNE";13;6353;5.37
17;2262;"NPD";13;3945;3.34
17;1471;"SPD";14;25389;19.76
17;3034;"CDU";14;34517;26.86
17;252;"DIE LINKE";14;41539;32.33
17;2459;"FDP";14;8517;6.63
17;3145;"GRÜNE";14;13727;10.68
17;3273;"NPD";14;3215;2.5
17;3278;"MLPD";14;554;0.43
17;2595;;14;565;0.44
17;2408;;14;479;0.37
17;3027;"SPD";15;14040;11.97
17;2011;"CDU";15;57865;49.33
17;1831;"DIE LINKE";15;30935;26.37
17;1791;"FDP";15;5668;4.83
17;283;"GRÜNE";15;3735;3.18
17;279;"NPD";15;3262;2.78
17;10;;15;1322;1.13
17;3444;;15;479;0.41
17;674;"SPD";16;15995;13.18
17;1811;"CDU";16;46147;38.02
17;2517;"DIE LINKE";16;35385;29.16
17;103;"FDP";16;10414;8.58
17;1466;"GRÜNE";16;5736;4.73
17;35;"NPD";16;5552;4.57
17;3439;;16;1478;1.22
17;2414;;16;657;0.54
17;1936;"SPD";17;28457;21.85
17;2442;"CDU";17;45176;34.68
17;246;"DIE LINKE";17;35601;27.33
17;2785;"FDP";17;9485;7.28
17;1941;"GRÜNE";17;6255;4.8
17;3126;"NPD";17;4118;3.16
17;1472;"ödp";17;523;0.4
17;1878;;17;647;0.5
17;2325;"SPD";18;19696;17.05
17;2341;"CDU";18;38102;32.98
17;1572;"DIE LINKE";18;37851;32.76
17;1611;"FDP";18;8015;6.94
17;1934;"GRÜNE";18;4500;3.89
17;2127;"NPD";18;5733;4.96
17;3309;;18;1138;0.98
17;2141;;18;505;0.44
17;1369;"SPD";19;56809;34.54
17;630;"CDU";19;43587;26.5
17;2112;"GRÜNE";19;27213;16.54
17;1005;"FDP";19;12818;7.79
17;227;"DIE LINKE";19;21718;13.2
17;2500;"NPD";19;2348;1.43
17;2804;"SPD";20;46522;36.02
17;3363;"CDU";20;38969;30.17
17;670;"GRÜNE";20;17799;13.78
17;3114;"FDP";20;10517;8.14
17;2109;"DIE LINKE";20;12605;9.76
17;3456;"NPD";20;771;0.6
17;74;"MLPD";20;158;0.12
17;961;"ödp";20;709;0.55
17;67;"BüSo";20;151;0.12
17;2619;;20;954;0.74
17;1292;"SPD";21;33364;23.81
17;1655;"CDU";21;43714;31.19
17;2607;"GRÜNE";21;36518;26.06
17;2135;"FDP";21;11732;8.37
17;2854;"DIE LINKE";21;12540;8.95
17;2881;"NPD";21;969;0.69
17;2664;;21;1295;0.92
17;405;"SPD";22;53469;33.17
17;711;"CDU";22;61873;38.38
17;2242;"GRÜNE";22;21268;13.19
17;231;"FDP";22;12766;7.92
17;2185;"DIE LINKE";22;10805;6.7
17;115;"NPD";22;1010;0.63
17;578;"SPD";23;51460;34.79
17;1485;"CDU";23;53958;36.48
17;3191;"GRÜNE";23;13914;9.41
17;3469;"FDP";23;11408;7.71
17;2849;"DIE LINKE";23;14021;9.48
17;2618;"NPD";23;1972;1.33
17;2284;"ödp";23;1190;0.8
17;1494;"SPD";24;54965;39.05
17;2133;"CDU";24;46303;32.89
17;2617;"GRÜNE";24;11728;8.33
17;561;"FDP";24;10727;7.62
17;2519;"DIE LINKE";24;14430;10.25
17;3540;"NPD";24;2111;1.5
17;1288;"BüSo";24;500;0.36
17;556;"SPD";25;57876;44.37
17;1081;"CDU";25;33706;25.84
17;464;"FDP";25;9314;7.14
17;1245;"GRÜNE";25;14451;11.08
17;1089;"DIE LINKE";25;13213;10.13
17;3290;"NPD";25;1886;1.45
17;273;"SPD";26;47481;29.26
17;422;"CDU";26;73405;45.24
17;898;"FDP";26;15470;9.53
17;1783;"GRÜNE";26;11981;7.38
17;1355;"DIE LINKE";26;12062;7.43
17;3116;"NPD";26;1862;1.15
17;646;"SPD";27;51851;39.85
17;1386;"CDU";27;42211;32.44
17;2009;"FDP";27;12283;9.44
17;2972;"GRÜNE";27;9794;7.53
17;1446;"DIE LINKE";27;12055;9.27
17;1468;"NPD";27;1911;1.47
17;2144;"SPD";28;49020;31.33
17;1592;"CDU";28;55610;35.54
17;2425;"FDP";28;13840;8.85
17;1999;"GRÜNE";28;21651;13.84
17;913;"DIE LINKE";28;14080;9
17;2032;"NPD";28;1548;0.99
17;3511;"RRP";28;707;0.45
17;2240;"SPD";29;55374;34.69
17;957;"CDU";29;56273;35.26
17;349;"FDP";29;16163;10.13
17;1527;"GRÜNE";29;14446;9.05
17;169;"DIE LINKE";29;13751;8.62
17;426;"NPD";29;2346;1.47
17;1371;"RRP";29;1261;0.79
17;1665;"SPD";30;50481;37.69
17;690;"CDU";30;51654;38.57
17;631;"FDP";30;10426;7.79
17;9;"GRÜNE";30;8379;6.26
17;2823;"DIE LINKE";30;10307;7.7
17;3316;"NPD";30;1828;1.36
17;489;;30;847;0.63
17;3414;"SPD";31;46851;33.36
17;1639;"CDU";31;62035;44.18
17;3195;"FDP";31;9946;7.08
17;1591;"GRÜNE";31;9409;6.7
17;531;"DIE LINKE";31;9096;6.48
17;453;"NPD";31;2349;1.67
17;2416;"BüSo";31;307;0.22
17;2153;;31;431;0.31
17;3040;"SPD";32;43503;26
17;1674;"CDU";32;91378;54.62
17;340;"FDP";32;13278;7.94
17;798;"GRÜNE";32;9819;5.87
17;1675;"DIE LINKE";32;8195;4.9
17;1239;"NPD";32;1130;0.68
17;945;"SPD";33;28053;19.05
17;1238;"CDU";33;91686;62.28
17;769;"FDP";33;12700;8.63
17;511;"GRÜNE";33;6575;4.47
17;2647;"DIE LINKE";33;6927;4.7
17;2023;"NPD";33;1286;0.87
17;1605;"SPD";34;48313;34.46
17;1510;"CDU";34;52599;37.52
17;829;"FDP";34;15928;11.36
17;1128;"GRÜNE";34;11917;8.5
17;3237;"DIE LINKE";34;9775;6.97
17;2921;"NPD";34;1660;1.18
17;3106;"SPD";35;52397;36.58
17;1964;"CDU";35;53080;37.06
17;2652;"FDP";35;10787;7.53
17;992;"GRÜNE";35;12318;8.6
17;157;"DIE LINKE";35;12242;8.55
17;1131;"NPD";35;2417;1.69
17;1486;"SPD";36;42395;35.26
17;941;"CDU";36;48344;40.21
17;3218;"FDP";36;9895;8.23
17;1445;"GRÜNE";36;9101;7.57
17;1671;"DIE LINKE";36;8366;6.96
17;159;"NPD";36;2138;1.78
17;935;"SPD";37;45002;30.63
17;952;"CDU";37;59657;40.6
17;288;"FDP";37;15812;10.76
17;774;"GRÜNE";37;13772;9.37
17;2842;"DIE LINKE";37;9611;6.54
17;3068;"NPD";37;1935;1.32
17;3182;"RRP";37;1153;0.78
17;1868;"SPD";38;40411;31.14
17;2348;"CDU";38;43229;33.31
17;397;"FDP";38;11242;8.66
17;1992;"GRÜNE";38;19645;15.14
17;3277;"DIE LINKE";38;11935;9.2
17;188;"NPD";38;1860;1.43
17;865;"RRP";38;1449;1.12
17;2990;"SPD";39;46028;32.2
17;2700;"CDU";39;63175;44.2
17;2918;"FDP";39;12940;9.05
17;2214;"GRÜNE";39;10393;7.27
17;312;"DIE LINKE";39;9006;6.3
17;1092;"NPD";39;1382;0.97
17;2886;"SPD";40;46979;33.05
17;2048;"CDU";40;54522;38.36
17;3160;"FDP";40;14823;10.43
17;3041;"GRÜNE";40;14282;10.05
17;1385;"DIE LINKE";40;9918;6.98
17;2781;"NPD";40;945;0.66
17;3070;;40;658;0.46
17;575;"SPD";41;58649;41.39
17;3508;"CDU";41;52714;37.2
17;2833;"FDP";41;8712;6.15
17;1434;"GRÜNE";41;10217;7.21
17;1969;"DIE LINKE";41;8797;6.21
17;244;"NPD";41;2036;1.44
17;429;;41;567;0.4
17;3132;"SPD";42;50592;38.97
17;2271;"CDU";42;42621;32.83
17;3462;"FDP";42;9699;7.47
17;767;"GRÜNE";42;13364;10.29
17;1204;"DIE LINKE";42;10624;8.18
17;1463;"NPD";42;1759;1.36
17;1470;"MLPD";42;176;0.14
17;2523;"RRP";42;978;0.75
17;378;"SPD";43;55068;39.64
17;1799;"CDU";43;44534;32.05
17;518;"FDP";43;8657;6.23
17;3412;"GRÜNE";43;15797;11.37
17;508;"DIE LINKE";43;12886;9.28
17;27;"NPD";43;1573;1.13
17;3360;;43;417;0.3
17;1942;"SPD";44;67178;38.72
17;1758;"CDU";44;66311;38.22
17;1295;"FDP";44;14560;8.39
17;1503;"GRÜNE";44;11642;6.71
17;2586;"DIE LINKE";44;11173;6.44
17;373;"NPD";44;2642;1.52
17;1879;"SPD";45;50107;32.3
17;2249;"CDU";45;68572;44.2
17;3215;"FDP";45;11351;7.32
17;348;"GRÜNE";45;10801;6.96
17;2909;"DIE LINKE";45;10130;6.53
17;262;"NPD";45;2501;1.61
17;2554;"RRP";45;1684;1.09
17;1087;"SPD";46;64365;40.48
17;1461;"CDU";46;58827;37
17;729;"FDP";46;10073;6.34
17;291;"GRÜNE";46;9476;5.96
17;577;"DIE LINKE";46;11663;7.33
17;1380;"NPD";46;2029;1.28
17;991;"RRP";46;1346;0.85
17;2178;;46;388;0.24
17;2713;"PBC";46;838;0.53
17;1853;"SPD";47;55842;39.61
17;3179;"CDU";47;49787;35.31
17;3185;"FDP";47;10401;7.38
17;2650;"GRÜNE";47;10849;7.7
17;1625;"DIE LINKE";47;11820;8.38
17;2174;"NPD";47;2283;1.62
17;2050;"SPD";48;73215;40.44
17;725;"CDU";48;65573;36.22
17;3376;"FDP";48;12982;7.17
17;3130;"GRÜNE";48;12533;6.92
17;2853;"DIE LINKE";48;11976;6.61
17;1234;"NPD";48;2853;1.58
17;1984;"RRP";48;1422;0.79
17;266;;48;502;0.28
17;331;"SPD";49;64555;39.05
17;1458;"CDU";49;60376;36.52
17;684;"FDP";49;10231;6.19
17;2362;"GRÜNE";49;14856;8.99
17;1271;"DIE LINKE";49;11402;6.9
17;2496;"NPD";49;2606;1.58
17;3367;"RRP";49;1293;0.78
17;806;"SPD";50;69631;44.89
17;790;"CDU";50;50519;32.57
17;1421;"FDP";50;9436;6.08
17;2933;"GRÜNE";50;9032;5.82
17;728;"DIE LINKE";50;12538;8.08
17;2843;"NPD";50;2791;1.8
17;3271;"RRP";50;1163;0.75
17;2451;"SPD";51;53572;38.76
17;2110;"CDU";51;47584;34.43
17;195;"FDP";51;7507;5.43
17;242;"GRÜNE";51;12012;8.69
17;2541;"DIE LINKE";51;10801;7.81
17;3483;"NPD";51;1310;0.95
17;485;"MLPD";51;118;0.09
17;2682;"PIRATEN";51;4214;3.05
17;3171;;51;800;0.58
17;459;;51;294;0.21
17;97;"SPD";52;46064;34.62
17;1703;"CDU";52;52427;39.4
17;1111;"FDP";52;8480;6.37
17;1521;"GRÜNE";52;10692;8.04
17;2008;"DIE LINKE";52;10216;7.68
17;2371;"NPD";52;3023;2.27
17;871;"RRP";52;1748;1.31
17;1401;"PBC";52;415;0.31
17;2377;"SPD";53;60107;39.14
17;666;"CDU";53;54451;35.45
17;566;"FDP";53;12719;8.28
17;431;"GRÜNE";53;9624;6.27
17;3479;"DIE LINKE";53;14083;9.17
17;1379;"NPD";53;2599;1.69
17;2239;"SPD";54;60483;36.82
17;713;"CDU";54;56503;34.39
17;1513;"FDP";54;10765;6.55
17;3209;"GRÜNE";54;21360;13
17;2195;"DIE LINKE";54;12493;7.6
17;1023;"NPD";54;2323;1.41
17;1688;;54;361;0.22
17;2952;"SPD";55;62588;33.72
17;2076;"CDU";55;53255;28.69
17;135;"GRÜNE";55;31564;17
17;2589;"DIE LINKE";55;21226;11.43
17;3005;"FDP";55;13587;7.32
17;68;"NPD";55;2012;1.08
17;1729;"MLPD";55;343;0.18
17;1211;;55;709;0.38
17;1537;;55;348;0.19
17;147;"SPD";56;58879;38.7
17;2172;"CDU";56;39186;25.76
17;2061;"GRÜNE";56;16985;11.16
17;2201;"DIE LINKE";56;21647;14.23
17;2063;"FDP";56;10850;7.13
17;888;"NPD";56;2614;1.72
17;815;"RRP";56;1563;1.03
17;3135;;56;423;0.28
17;3525;"SPD";57;33532;32.08
17;3133;"DIE LINKE";57;32198;30.8
17;2393;"CDU";57;22851;21.86
17;2077;"FDP";57;8162;7.81
17;2108;"GRÜNE";57;4483;4.29
17;264;"NPD";57;3314;3.17
17;1981;"SPD";58;27674;27
17;3104;"DIE LINKE";58;32791;32
17;1540;"CDU";58;26512;25.87
17;1125;"FDP";58;6396;6.24
17;2351;"GRÜNE";58;4385;4.28
17;2615;"NPD";58;3945;3.85
17;2140;;58;781;0.76
17;1648;"SPD";59;48621;29.18
17;2295;"DIE LINKE";59;40334;24.21
17;675;"CDU";59;46088;27.66
17;3032;"FDP";59;12963;7.78
17;3086;"GRÜNE";59;12193;7.32
17;1810;"NPD";59;5400;3.24
17;744;;59;1008;0.61
17;979;"SPD";60;38441;22.74
17;624;"DIE LINKE";60;62523;36.99
17;1955;"CDU";60;39863;23.58
17;161;"FDP";60;11115;6.58
17;563;"GRÜNE";60;8181;4.84
17;2412;"NPD";60;6069;3.59
17;3406;;60;2280;1.35
17;2976;;60;566;0.33
17;3046;"SPD";61;40957;32.85
17;901;"DIE LINKE";61;35484;28.46
17;3281;"CDU";61;30733;24.65
17;1722;"FDP";61;7328;5.88
17;850;"GRÜNE";61;4771;3.83
17;336;"NPD";61;3764;3.02
17;2974;;61;862;0.69
17;2474;;61;776;0.62
17;3419;"SPD";62;48720;28.69
17;1697;"DIE LINKE";62;48515;28.57
17;2443;"CDU";62;40708;23.97
17;3129;"FDP";62;12356;7.28
17;153;"GRÜNE";62;16479;9.7
17;3473;"NPD";62;3061;1.8
17;454;"SPD";63;53384;32.43
17;1668;"DIE LINKE";63;43348;26.33
17;3533;"CDU";63;40882;24.84
17;2100;"FDP";63;11959;7.27
17;2421;"GRÜNE";63;9041;5.49
17;1002;"NPD";63;5992;3.64
17;3258;"SPD";64;38470;28.55
17;2206;"DIE LINKE";64;43589;32.34
17;2532;"CDU";64;30153;22.37
17;2231;"FDP";64;10125;7.51
17;82;"GRÜNE";64;7502;5.57
17;162;"NPD";64;4928;3.66
17;2445;"SPD";65;34529;27.85
17;2166;"DIE LINKE";65;37224;30.03
17;1748;"CDU";65;29829;24.06
17;2175;"FDP";65;10878;8.78
17;733;"GRÜNE";65;5650;4.56
17;3515;"NPD";65;4806;3.88
17;2415;;65;1045;0.84
17;3521;"SPD";66;32688;26.92
17;329;"DIE LINKE";66;34324;28.26
17;3105;"CDU";66;35073;28.88
17;364;"FDP";66;8487;6.99
17;3505;"GRÜNE";66;3861;3.18
17;1559;"NPD";66;5513;4.54
17;1488;"Freie Union";66;915;0.75
17;338;;66;587;0.48
17;2101;"SPD";67;22070;19.99
17;1682;"DIE LINKE";67;36910;33.42
17;1338;"CDU";67;34501;31.24
17;1072;"FDP";67;6558;5.94
17;3014;"GRÜNE";67;3725;3.37
17;1500;"NPD";67;2461;2.23
17;2950;;67;3672;3.33
17;326;;67;257;0.23
17;479;;67;274;0.25
17;3491;"SPD";68;31994;22.4
17;3308;"DIE LINKE";68;41040;28.73
17;158;"CDU";68;46686;32.68
17;6;"FDP";68;13914;9.74
17;629;"GRÜNE";68;5041;3.53
17;3200;"NPD";68;3446;2.41
17;1765;;68;733;0.51
17;3053;"SPD";69;28732;20.35
17;2460;"DIE LINKE";69;43952;31.13
17;315;"CDU";69;46632;33.02
17;514;"FDP";69;10236;7.25
17;1693;"GRÜNE";69;7791;5.52
17;1165;"NPD";69;3862;2.74
17;1835;"SPD";70;32844;21.89
17;1093;"DIE LINKE";70;48069;32.04
17;1168;"CDU";70;46481;30.98
17;1526;"FDP";70;9890;6.59
17;754;"GRÜNE";70;8637;5.76
17;811;"NPD";70;2618;1.75
17;3428;"MLPD";70;626;0.42
17;880;;70;851;0.57
17;3468;"SPD";71;22187;18.4
17;2697;"DIE LINKE";71;36809;30.53
17;2297;"CDU";71;43424;36.01
17;77;"FDP";71;8810;7.31
17;1597;"GRÜNE";71;5004;4.15
17;1817;"NPD";71;2928;2.43
17;792;"MLPD";71;544;0.45
17;723;;71;878;0.73
17;1267;"SPD";72;30401;21.76
17;1581;"DIE LINKE";72;44087;31.56
17;3285;"CDU";72;43722;31.3
17;665;"FDP";72;10929;7.82
17;2957;"GRÜNE";72;4878;3.49
17;3236;"NPD";72;3649;2.61
17;1579;"MLPD";72;888;0.64
17;817;;72;1132;0.81
17;1613;"SPD";73;22341;16.27
17;2966;"DIE LINKE";73;46272;33.7
17;187;"CDU";73;42430;30.9
17;2320;"FDP";73;11760;8.56
17;450;"GRÜNE";73;11056;8.05
17;1898;"NPD";73;2483;1.81
17;2227;"MLPD";73;981;0.71
17;2447;"SPD";74;23592;18.88
17;417;"DIE LINKE";74;39610;31.7
17;3058;"CDU";74;41281;33.03
17;540;"FDP";74;11224;8.98
17;541;"GRÜNE";74;3950;3.16
17;1399;"NPD";74;4399;3.52
17;1311;;74;912;0.73
17;2744;"SPD";75;23028;17.22
17;1519;"DIE LINKE";75;47051;35.19
17;1114;"CDU";75;43014;32.17
17;3339;"FDP";75;10818;8.09
17;1008;"GRÜNE";75;5465;4.09
17;2568;"NPD";75;4337;3.24
17;1198;"SPD";76;33943;25.99
17;385;"CDU";76;28760;22.02
17;1761;"DIE LINKE";76;24871;19.04
17;3430;"GRÜNE";76;28108;21.52
17;1769;"FDP";76;8869;6.79
17;181;"NPD";76;2110;1.62
17;3522;"BüSo";76;951;0.73
17;265;;76;2301;1.76
17;1384;;76;693;0.53
17;3162;"SPD";77;44769;27.42
17;1873;"CDU";77;28374;17.38
17;1806;"DIE LINKE";77;47070;28.83
17;3172;"GRÜNE";77;26674;16.34
17;1824;"FDP";77;9604;5.88
17;1001;"NPD";77;3702;2.27
17;1539;"BüSo";77;1090;0.67
17;196;;77;1396;0.86
17;302;;77;584;0.36
17;3096;"SPD";78;35540;27.45
17;3026;"CDU";78;50554;39.04
17;1762;"DIE LINKE";78;10525;8.13
17;2294;"GRÜNE";78;13875;10.71
17;2937;"FDP";78;13711;10.59
17;1938;"NPD";78;2613;2.02
17;2800;"BüSo";78;879;0.68
17;507;;78;1267;0.98
17;1121;;78;529;0.41
17;2861;"SPD";79;41051;33.19
17;3347;"CDU";79;44994;36.37
17;2010;"DIE LINKE";79;11446;9.25
17;2978;"GRÜNE";79;10853;8.77
17;847;"FDP";79;10612;8.58
17;3169;"NPD";79;2463;1.99
17;1623;"BüSo";79;1245;1.01
17;3377;"MLPD";79;285;0.23
17;1416;;79;752;0.61
17;170;"SPD";80;45691;26.85
17;3382;"CDU";80;66075;38.83
17;2245;"DIE LINKE";80;9325;5.48
17;1889;"GRÜNE";80;27392;16.1
17;317;"FDP";80;15138;8.9
17;1804;"NPD";80;1544;0.91
17;1095;"BüSo";80;462;0.27
17;421;"DIE VIOLETTEN";80;875;0.51
17;3136;"FAMILIE";80;1416;0.83
17;410;;80;830;0.49
17;2146;;80;1437;0.84
17;2013;"SPD";81;47340;32.04
17;2754;"CDU";81;44549;30.16
17;2490;"DIE LINKE";81;9978;6.75
17;2268;"GRÜNE";81;26778;18.13
17;2649;"FDP";81;16397;11.1
17;209;"NPD";81;1187;0.8
17;1174;"BüSo";81;912;0.62
17;480;;81;331;0.22
17;2343;;81;261;0.18
17;2431;"SPD";82;38244;22.58
17;1871;"CDU";82;54971;32.45
17;1296;"DIE LINKE";82;13787;8.14
17;1672;"GRÜNE";82;44506;26.27
17;1628;"FDP";82;13292;7.85
17;1963;"NPD";82;2413;1.42
17;2401;"BüSo";82;1328;0.78
17;2302;;82;854;0.5
17;683;"SPD";83;35168;27.33
17;3259;"CDU";83;39618;30.78
17;1770;"DIE LINKE";83;15852;12.32
17;1553;"GRÜNE";83;18805;14.61
17;1877;"FDP";83;11468;8.91
17;3111;"NPD";83;3356;2.61
17;2715;"MLPD";83;218;0.17
17;2282;"DKP";83;280;0.22
17;1528;;83;1305;1.01
17;3510;;83;316;0.25
17;362;;83;388;0.3
17;130;;83;1924;1.49
17;261;"SPD";84;26415;16.69
17;1785;"CDU";84;18394;11.62
17;3328;"DIE LINKE";84;27796;17.56
17;3095;"GRÜNE";84;73897;46.68
17;1847;"FDP";84;6425;4.06
17;3056;"NPD";84;1791;1.13
17;1988;"DKP";84;649;0.41
17;679;;84;1555;0.98
17;2151;;84;217;0.14
17;3061;;84;918;0.58
17;2163;;84;232;0.15
17;3327;"SPD";85;25520;18.16
17;1582;"CDU";85;29124;20.73
17;989;"DIE LINKE";85;62880;44.75
17;946;"GRÜNE";85;10495;7.47
17;1536;"FDP";85;6247;4.45
17;3264;"NPD";85;4092;2.91
17;361;"BüSo";85;1131;0.8
17;1291;"MLPD";85;398;0.28
17;3386;;85;625;0.44
17;1680;"SPD";86;20336;16.09
17;969;"CDU";86;24563;19.43
17;2263;"DIE LINKE";86;60236;47.65
17;3534;"GRÜNE";86;7242;5.73
17;951;"FDP";86;6969;5.51
17;3417;"NPD";86;4725;3.74
17;3196;"BüSo";86;1564;1.24
17;134;;86;766;0.61
17;836;"SPD";87;24028;18.41
17;3194;"CDU";87;22566;17.29
17;1855;"DIE LINKE";87;61874;47.42
17;590;"GRÜNE";87;9652;7.4
17;605;"FDP";87;5048;3.87
17;3193;"NPD";87;4492;3.44
17;1813;"BüSo";87;1384;1.06
17;2970;;87;1439;1.1
17;2747;"SPD";88;38523;29.95
17;1124;"CDU";88;50703;39.42
17;2123;"FDP";88;11554;8.98
17;1872;"GRÜNE";88;17241;13.4
17;1281;"DIE LINKE";88;9520;7.4
17;1040;"NPD";88;1088;0.85
17;2289;"SPD";89;54205;34.3
17;301;"CDU";89;63511;40.18
17;2544;"FDP";89;13275;8.4
17;1143;"GRÜNE";89;11056;7
17;2106;"DIE LINKE";89;13502;8.54
17;1683;"NPD";89;2501;1.58
17;2995;"SPD";90;31111;24.05
17;460;"CDU";90;65143;50.36
17;2406;"FDP";90;12342;9.54
17;1333;"GRÜNE";90;8933;6.91
17;788;"DIE LINKE";90;9859;7.62
17;973;"NPD";90;1964;1.52
17;2196;"SPD";91;43655;30.83
17;2405;"CDU";91;65662;46.37
17;1734;"FDP";91;10745;7.59
17;1635;"GRÜNE";91;8956;6.32
17;3239;"DIE LINKE";91;10079;7.12
17;1029;"NPD";91;2514;1.78
17;753;"SPD";92;63487;35.78
17;3555;"CDU";92;69845;39.36
17;576;"FDP";92;18620;10.49
17;280;"GRÜNE";92;11195;6.31
17;466;"DIE LINKE";92;11215;6.32
17;2464;"NPD";92;2620;1.48
17;1949;;92;458;0.26
17;1667;"SPD";93;50035;28.98
17;2927;"CDU";93;75290;43.61
17;2080;"FDP";93;20620;11.94
17;1641;"GRÜNE";93;12239;7.09
17;1097;"DIE LINKE";93;11679;6.76
17;2570;"NPD";93;2321;1.34
17;2759;;93;464;0.27
17;524;"SPD";94;43837;34.99
17;1099;"CDU";94;42094;33.6
17;3251;"FDP";94;10902;8.7
17;1843;"GRÜNE";94;15557;12.42
17;1570;"DIE LINKE";94;10614;8.47
17;778;"NPD";94;1971;1.57
17;493;;94;318;0.25
17;21;"SPD";95;55471;32.4
17;2264;"CDU";95;59710;34.87
17;1256;"FDP";95;18455;10.78
17;138;"GRÜNE";95;26614;15.54
17;225;"DIE LINKE";95;9550;5.58
17;1767;"NPD";95;1131;0.66
17;2904;"MLPD";95;281;0.16
17;2142;"SPD";96;47625;35.91
17;3214;"CDU";96;38093;28.72
17;1254;"FDP";96;11187;8.43
17;2117;"GRÜNE";96;22550;17
17;1854;"DIE LINKE";96;11390;8.59
17;233;"NPD";96;1788;1.35
17;1418;"SPD";97;55251;33.35
17;601;"CDU";97;51674;31.19
17;3409;"FDP";97;31606;19.08
17;525;"GRÜNE";97;16856;10.17
17;2638;"DIE LINKE";97;8381;5.06
17;1403;"NPD";97;1211;0.73
17;1400;"BüSo";97;251;0.15
17;1599;"DIE VIOLETTEN";97;446;0.27
17;3144;"SPD";98;42568;25.83
17;3451;"CDU";98;73959;44.87
17;201;"FDP";98;18727;11.36
17;2585;"GRÜNE";98;15389;9.34
17;446;"DIE LINKE";98;10523;6.38
17;1995;"NPD";98;1765;1.07
17;727;"Volksabstimmung";98;1581;0.96
17;3205;;98;319;0.19
17;2016;"SPD";99;39489;24.72
17;2540;"CDU";99;80363;50.3
17;1514;"FDP";99;16012;10.02
17;1677;"GRÜNE";99;14046;8.79
17;1207;"DIE LINKE";99;7430;4.65
17;345;"NPD";99;1443;0.9
17;1134;"Volksabstimmung";99;969;0.61
17;617;"SPD";100;41165;27.77
17;730;"CDU";100;71759;48.41
17;2345;"FDP";100;12990;8.76
17;2757;"GRÜNE";100;10066;6.79
17;1224;"DIE LINKE";100;9599;6.48
17;1626;"NPD";100;1734;1.17
17;3015;"ödp";100;458;0.31
17;908;;100;449;0.3
17;2388;"SPD";101;43992;26.65
17;281;"CDU";101;82523;49.99
17;1822;"FDP";101;14198;8.6
17;3486;"GRÜNE";101;13745;8.33
17;1163;"DIE LINKE";101;8561;5.19
17;620;"NPD";101;1643;1
17;3332;;101;409;0.25
17;1752;"SPD";102;53517;37.06
17;2356;"CDU";102;51242;35.48
17;3242;"FDP";102;11332;7.85
17;1430;"GRÜNE";102;13386;9.27
17;1820;"DIE LINKE";102;11723;8.12
17;1450;"NPD";102;2364;1.64
17;1139;"MLPD";102;323;0.22
17;492;;102;529;0.37
17;3549;"SPD";103;51180;35.79
17;1186;"CDU";103;49021;34.28
17;3192;"FDP";103;11852;8.29
17;2248;"GRÜNE";103;13308;9.31
17;2612;"DIE LINKE";103;15003;10.49
17;2784;"NPD";103;2337;1.63
17;259;"MLPD";103;287;0.2
17;1661;"SPD";104;54910;34.31
17;1039;"CDU";104;62365;38.97
17;2690;"FDP";104;13940;8.71
17;2680;"GRÜNE";104;12956;8.1
17;1182;"DIE LINKE";104;13418;8.38
17;1044;"NPD";104;2446;1.53
17;3039;"SPD";105;50319;33.77
17;2203;"CDU";105;66300;44.49
17;2590;"FDP";105;11674;7.83
17;1505;"GRÜNE";105;10611;7.12
17;3342;"DIE LINKE";105;8412;5.65
17;3519;"NPD";105;1690;1.13
17;937;"SPD";106;43173;35.64
17;207;"CDU";106;48276;39.85
17;3340;"FDP";106;11332;9.35
17;938;"GRÜNE";106;8447;6.97
17;154;"DIE LINKE";106;8418;6.95
17;277;"NPD";106;1503;1.24
17;2120;"SPD";107;45125;28.56
17;1310;"CDU";107;68749;43.51
17;2323;"FDP";107;16472;10.42
17;2169;"GRÜNE";107;15894;10.06
17;276;"DIE LINKE";107;10266;6.5
17;316;"NPD";107;1304;0.83
17;2132;"MLPD";107;204;0.13
17;1583;"SPD";108;44295;33.27
17;2313;"CDU";108;50233;37.73
17;503;"FDP";108;10758;8.08
17;51;"GRÜNE";108;13137;9.87
17;3291;"DIE LINKE";108;12948;9.73
17;367;"NPD";108;1560;1.17
17;565;"MLPD";108;202;0.15
17;642;"SPD";109;43614;29.47
17;942;"CDU";109;70787;47.84
17;509;"FDP";109;12763;8.63
17;1569;"GRÜNE";109;9935;6.71
17;3395;"DIE LINKE";109;8709;5.89
17;2630;"NPD";109;2168;1.47
17;1632;"SPD";110;33852;27.65
17;1634;"CDU";110;55784;45.57
17;3066;"FDP";110;11573;9.45
17;324;"GRÜNE";110;10162;8.3
17;416;"DIE LINKE";110;9233;7.54
17;758;"NPD";110;1569;1.28
17;472;;110;243;0.2
17;2660;"SPD";111;43087;29.11
17;1164;"CDU";111;62639;42.31
17;763;"FDP";111;18168;12.27
17;1939;"GRÜNE";111;12043;8.14
17;368;"DIE LINKE";111;8641;5.84
17;1307;"NPD";111;1358;0.92
17;1549;"FAMILIE";111;2100;1.42
17;2686;"SPD";112;41691;25.68
17;2874;"CDU";112;79359;48.87
17;1502;"FDP";112;15755;9.7
17;87;"GRÜNE";112;12633;7.78
17;2322;"DIE LINKE";112;11102;6.84
17;1630;"NPD";112;1836;1.13
17;1123;"SPD";113;46290;29.61
17;2336;"CDU";113;76480;48.92
17;768;"FDP";113;14620;9.35
17;1328;"GRÜNE";113;10148;6.49
17;902;"DIE LINKE";113;8787;5.62
17;1644;"SPD";114;57225;38.27
17;3374;"CDU";114;57576;38.51
17;1110;"FDP";114;10624;7.11
17;2094;"GRÜNE";114;9873;6.6
17;2919;"DIE LINKE";114;11071;7.4
17;1649;"NPD";114;1569;1.05
17;411;"FAMILIE";114;1583;1.06
17;585;"SPD";115;50636;39.58
17;2409;"CDU";115;44906;35.1
17;3146;"FDP";115;11098;8.68
17;2656;"GRÜNE";115;9462;7.4
17;1489;"DIE LINKE";115;10123;7.91
17;1030;"NPD";115;1425;1.11
17;3313;"MLPD";115;270;0.21
17;114;"SPD";116;53363;42.19
17;1907;"CDU";116;40001;31.62
17;24;"FDP";116;7501;5.93
17;2177;"GRÜNE";116;9791;7.74
17;2143;"DIE LINKE";116;13237;10.46
17;3156;"NPD";116;2191;1.73
17;3482;;116;405;0.32
17;2312;"SPD";117;44436;47.35
17;2088;"CDU";117;24779;26.4
17;3494;"FDP";117;5189;5.53
17;2772;"GRÜNE";117;5430;5.79
17;66;"DIE LINKE";117;10519;11.21
17;3157;"NPD";117;2953;3.15
17;251;"MLPD";117;275;0.29
17;2763;;117;264;0.28
17;947;"SPD";118;65189;44.61
17;529;"CDU";118;40001;27.37
17;2631;"FDP";118;9231;6.32
17;1200;"GRÜNE";118;14772;10.11
17;2093;"DIE LINKE";118;14008;9.59
17;555;"NPD";118;2643;1.81
17;2033;"MLPD";118;282;0.19
17;2625;"SPD";119;57547;41.42
17;2724;"CDU";119;44653;32.14
17;724;"FDP";119;11852;8.53
17;857;"GRÜNE";119;10801;7.77
17;644;"DIE LINKE";119;12143;8.74
17;1027;"NPD";119;1940;1.4
17;1122;"SPD";120;49023;46.07
17;570;"CDU";120;28968;27.22
17;716;"FDP";120;6967;6.55
17;1080;"GRÜNE";120;7352;6.91
17;3532;"DIE LINKE";120;11065;10.4
17;311;"NPD";120;2218;2.08
17;537;"MLPD";120;240;0.23
17;1643;"BüSo";120;583;0.55
17;1187;"SPD";121;57055;38.63
17;1068;"CDU";121;53269;36.07
17;1144;"FDP";121;11035;7.47
17;834;"GRÜNE";121;13969;9.46
17;3127;"DIE LINKE";121;10240;6.93
17;2762;"NPD";121;1614;1.09
17;1609;"BüSo";121;508;0.34
17;2883;"SPD";122;52627;43.07
17;2057;"CDU";122;37504;30.69
17;2361;"FDP";122;9090;7.44
17;2783;"GRÜNE";122;7846;6.42
17;391;"DIE LINKE";122;12781;10.46
17;2455;"NPD";122;2078;1.7
17;2696;;122;264;0.22
17;948;"SPD";123;58984;42.57
17;3188;"CDU";123;44021;31.77
17;2090;"FDP";123;10678;7.71
17;2794;"GRÜNE";123;8603;6.21
17;1266;"DIE LINKE";123;13805;9.96
17;1406;"NPD";123;2269;1.64
17;2707;"MLPD";123;191;0.14
17;2358;"SPD";124;64623;54.3
17;1982;"CDU";124;31011;26.06
17;396;"FDP";124;8344;7.01
17;3546;"GRÜNE";124;9013;7.57
17;2017;"NPD";124;4199;3.53
17;613;"MLPD";124;1831;1.54
17;52;"SPD";125;42736;30.16
17;2982;"CDU";125;63123;44.55
17;253;"FDP";125;17533;12.37
17;602;"GRÜNE";125;8774;6.19
17;1298;"DIE LINKE";125;8306;5.86
17;2337;"NPD";125;1226;0.87
17;843;"SPD";126;62810;42.81
17;3269;"CDU";126;48290;32.91
17;1803;"FDP";126;9710;6.62
17;2463;"GRÜNE";126;8372;5.71
17;241;"DIE LINKE";126;13765;9.38
17;3190;"NPD";126;2391;1.63
17;310;"MLPD";126;243;0.17
17;1636;"ödp";126;1138;0.78
17;2375;"SPD";127;37324;25.52
17;2534;"CDU";127;79254;54.2
17;2342;"FDP";127;12521;8.56
17;56;"GRÜNE";127;9706;6.64
17;2424;"DIE LINKE";127;6385;4.37
17;1913;"NPD";127;1044;0.71
17;2884;"SPD";128;37851;26.1
17;2689;"CDU";128;73636;50.78
17;655;"FDP";128;14229;9.81
17;186;"GRÜNE";128;10674;7.36
17;2281;"DIE LINKE";128;7634;5.26
17;2542;"NPD";128;973;0.67
17;1120;"SPD";129;58679;41.34
17;1312;"CDU";129;61444;43.29
17;1492;"FDP";129;11613;8.18
17;3260;"DIE LINKE";129;9075;6.39
17;2338;"NPD";129;1129;0.8
17;3079;"SPD";130;53029;32.62
17;2344;"CDU";130;63819;39.26
17;86;"FDP";130;16131;9.92
17;1476;"GRÜNE";130;20822;12.81
17;3516;"DIE LINKE";130;7805;4.8
17;534;"NPD";130;718;0.44
17;2915;;130;235;0.14
17;451;"SPD";131;49996;32.57
17;2936;"CDU";131;75187;48.98
17;3496;"FDP";131;16333;10.64
17;1316;"DIE LINKE";131;12005;7.82
17;298;"SPD";132;53509;32.29
17;330;"CDU";132;74149;44.75
17;1390;"FDP";132;15138;9.14
17;1933;"GRÜNE";132;11924;7.2
17;3405;"DIE LINKE";132;9909;5.98
17;2157;"ödp";132;625;0.38
17;521;;132;455;0.27
17;2768;"SPD";133;61405;34.48
17;3097;"CDU";133;64621;36.28
17;3065;"FDP";133;10852;6.09
17;1061;"GRÜNE";133;24981;14.03
17;2899;"DIE LINKE";133;14056;7.89
17;2432;"NPD";133;1784;1
17;852;"BüSo";133;394;0.22
17;2888;"SPD";134;62644;38.52
17;2596;"CDU";134;61244;37.66
17;2640;"FDP";134;15549;9.56
17;2274;"GRÜNE";134;11091;6.82
17;1197;"DIE LINKE";134;12090;7.43
17;2359;"SPD";135;57561;39.59
17;1391;"CDU";135;61751;42.47
17;592;"FDP";135;9628;6.62
17;1708;"GRÜNE";135;7636;5.25
17;1356;"DIE LINKE";135;8809;6.06
17;143;"SPD";136;50688;40.25
17;400;"CDU";136;46447;36.88
17;1573;"FDP";136;11879;9.43
17;1522;"GRÜNE";136;8431;6.69
17;1884;"DIE LINKE";136;8492;6.74
17;255;"SPD";137;49149;31.58
17;1150;"CDU";137;71813;46.14
17;3432;"FDP";137;12086;7.76
17;662;"GRÜNE";137;9957;6.4
17;1897;"DIE LINKE";137;9100;5.85
17;142;"NPD";137;1502;0.96
17;680;"FAMILIE";137;1586;1.02
17;3311;"ödp";137;455;0.29
17;179;"SPD";138;43120;25.31
17;1832;"CDU";138;88754;52.1
17;1464;"FDP";138;15282;8.97
17;2885;"GRÜNE";138;12001;7.04
17;3100;"DIE LINKE";138;9436;5.54
17;2331;"NPD";138;1757;1.03
17;2537;"SPD";139;63980;42.99
17;1512;"CDU";139;49893;33.52
17;1116;"FDP";139;11251;7.56
17;1031;"GRÜNE";139;8836;5.94
17;2787;"DIE LINKE";139;12188;8.19
17;430;"NPD";139;2679;1.8
17;1274;"SPD";140;54845;40.89
17;307;"CDU";140;40763;30.39
17;2693;"FDP";140;13392;9.98
17;449;"GRÜNE";140;11621;8.66
17;2267;"DIE LINKE";140;11180;8.34
17;2852;"NPD";140;1762;1.31
17;784;"MLPD";140;285;0.21
17;1213;;140;285;0.21
17;2634;"SPD";141;65810;43.31
17;1716;"CDU";141;47030;30.95
17;2935;"FDP";141;8578;5.65
17;2733;"GRÜNE";141;12775;8.41
17;445;"DIE LINKE";141;14741;9.7
17;432;"NPD";141;2268;1.49
17;813;"MLPD";141;259;0.17
17;1193;"BüSo";141;486;0.32
17;271;"SPD";142;64331;51.27
17;706;"CDU";142;33693;26.85
17;797;"FDP";142;8545;6.81
17;1199;"GRÜNE";142;12393;9.88
17;2869;"NPD";142;2570;2.05
17;234;"REP";142;2768;2.21
17;3369;"MLPD";142;1175;0.94
17;371;"SPD";143;60839;41.17
17;1392;"CDU";143;40623;27.49
17;1410;"FDP";143;12890;8.72
17;1691;"GRÜNE";143;16141;10.92
17;596;"DIE LINKE";143;14273;9.66
17;3161;"NPD";143;2281;1.54
17;2309;"MLPD";143;288;0.19
17;658;"BüSo";143;440;0.3
17;381;"SPD";144;59141;42.38
17;782;"CDU";144;40622;29.11
17;2364;"FDP";144;9387;6.73
17;245;"GRÜNE";144;12292;8.81
17;1315;"DIE LINKE";144;14819;10.62
17;3289;"NPD";144;2379;1.7
17;90;;144;922;0.66
17;1360;"SPD";145;62638;42.57
17;1270;"CDU";145;47702;32.42
17;93;"FDP";145;9418;6.4
17;2244;"GRÜNE";145;12737;8.66
17;3390;"DIE LINKE";145;12451;8.46
17;3038;"NPD";145;2206;1.5
17;3427;"SPD";146;72446;43.88
17;2030;"CDU";146;54088;32.76
17;641;"FDP";146;14952;9.06
17;2086;"GRÜNE";146;8993;5.45
17;2939;"DIE LINKE";146;11638;7.05
17;3275;"NPD";146;2981;1.81
17;1117;"SPD";147;47583;29.18
17;2846;"CDU";147;74725;45.82
17;777;"FDP";147;15625;9.58
17;1177;"GRÜNE";147;11924;7.31
17;353;"DIE LINKE";147;11432;7.01
17;2527;"NPD";147;1800;1.1
17;2574;"SPD";148;40010;26.62
17;2940;"CDU";148;77687;51.68
17;581;"FDP";148;13753;9.15
17;1588;"GRÜNE";148;7966;5.3
17;2606;"DIE LINKE";148;9362;6.23
17;3344;"NPD";148;1537;1.02
17;305;"SPD";149;60500;39.13
17;1475;"CDU";149;64217;41.54
17;457;"FDP";149;15482;10.01
17;2845;"DIE LINKE";149;12009;7.77
17;732;"NPD";149;2399;1.55
17;434;"SPD";150;42273;28.34
17;1084;"CDU";150;70705;47.39
17;3253;"FDP";150;15568;10.44
17;2533;"GRÜNE";150;8476;5.68
17;698;"DIE LINKE";150;10100;6.77
17;993;"NPD";150;2064;1.38
17;756;"SPD";151;59521;40.99
17;3280;"CDU";151;52751;36.33
17;1615;"FDP";151;11740;8.09
17;2234;"GRÜNE";151;6207;4.27
17;2467;"DIE LINKE";151;10431;7.18
17;2365;"NPD";151;2331;1.61
17;2955;"Die Tierschutzpartei";151;2217;1.53
17;1566;"CDU";152;44147;40.94
17;1359;"SPD";152;15860;14.71
17;2355;"DIE LINKE";152;27760;25.74
17;1247;"FDP";152;10611;9.84
17;1160;"GRÜNE";152;4357;4.04
17;163;"NPD";152;5108;4.74
17;1664;"CDU";153;42704;33.33
17;1565;"SPD";153;24866;19.41
17;1202;"DIE LINKE";153;34015;26.55
17;3244;"FDP";153;11781;9.2
17;3093;"GRÜNE";153;8856;6.91
17;2386;"NPD";153;4202;3.28
17;212;"BüSo";153;1691;1.32
17;677;"CDU";154;41101;28.81
17;3183;"SPD";154;32841;23.02
17;2155;"DIE LINKE";154;36117;25.31
17;1305;"FDP";154;10505;7.36
17;1755;"GRÜNE";154;17345;12.16
17;2223;"NPD";154;3094;2.17
17;3400;"BüSo";154;1674;1.17
17;1721;"CDU";155;60969;41.73
17;3398;"SPD";155;23471;16.06
17;3212;"DIE LINKE";155;33044;22.62
17;3304;"FDP";155;14799;10.13
17;3489;"GRÜNE";155;6745;4.62
17;2119;"NPD";155;5988;4.1
17;3147;;155;1090;0.75
17;1917;"CDU";156;62290;45.2
17;2583;"SPD";156;17236;12.51
17;3150;"DIE LINKE";156;29423;21.35
17;2052;"FDP";156;12403;9
17;1589;"GRÜNE";156;8315;6.03
17;2815;"NPD";156;7050;5.12
17;1490;;156;1103;0.8
17;2043;"CDU";157;64325;42.3
17;1431;"SPD";157;16870;11.09
17;1754;"DIE LINKE";157;38241;25.15
17;486;"FDP";157;17755;11.68
17;2422;"GRÜNE";157;6505;4.28
17;637;"NPD";157;8363;5.5
17;1629;"CDU";158;62338;42.41
17;984;"SPD";158;17005;11.57
17;2929;"DIE LINKE";158;35786;24.35
17;600;"FDP";158;13935;9.48
17;2863;"GRÜNE";158;7381;5.02
17;1;"NPD";158;7842;5.34
17;1336;"BüSo";158;2700;1.84
17;290;"CDU";159;62530;45.06
17;3492;"SPD";159;16194;11.67
17;1507;"DIE LINKE";159;28233;20.35
17;2484;"FDP";159;15292;11.02
17;918;"GRÜNE";159;6378;4.6
17;2555;"NPD";159;7983;5.75
17;2859;"BüSo";159;2150;1.55
17;1707;"CDU";160;56749;36.56
17;3268;"SPD";160;25959;16.72
17;1447;"DIE LINKE";160;37180;23.95
17;1859;"FDP";160;14818;9.55
17;1149;"GRÜNE";160;13668;8.81
17;1751;"NPD";160;3851;2.48
17;1670;"BüSo";160;1575;1.01
17;1013;;160;612;0.39
17;2482;;160;801;0.52
17;3233;"CDU";161;55401;36.38
17;3252;"SPD";161;22268;14.62
17;3117;"DIE LINKE";161;29679;19.49
17;2095;"FDP";161;18204;11.95
17;1666;"GRÜNE";161;18871;12.39
17;129;"NPD";161;4389;2.88
17;1365;"BüSo";161;1597;1.05
17;2969;"MLPD";161;436;0.29
17;3380;;161;1436;0.94
17;164;"CDU";162;61579;43.55
17;2402;"SPD";162;20800;14.71
17;2743;"DIE LINKE";162;32744;23.16
17;494;"FDP";162;14032;9.92
17;872;"GRÜNE";162;5921;4.19
17;2162;"NPD";162;6320;4.47
17;1101;"CDU";163;45876;34.14
17;2111;"SPD";163;27060;20.14
17;1796;"DIE LINKE";163;37433;27.86
17;1334;"FDP";163;12106;9.01
17;3513;"GRÜNE";163;8109;6.03
17;2827;"NPD";163;3800;2.83
17;3323;"CDU";164;54065;41.23
17;3247;"SPD";164;19247;14.68
17;3504;"DIE LINKE";164;33133;25.27
17;678;"FDP";164;14092;10.75
17;287;"GRÜNE";164;5360;4.09
17;2543;"NPD";164;5229;3.99
17;125;"CDU";165;63211;40.32
17;3255;"SPD";165;17168;10.95
17;2825;"DIE LINKE";165;37166;23.71
17;1073;"FDP";165;23820;15.19
17;1366;"GRÜNE";165;5896;3.76
17;2256;"NPD";165;7930;5.06
17;2298;;165;1580;1.01
17;1885;"CDU";166;55605;38.82
17;3355;"SPD";166;20864;14.57
17;3542;"DIE LINKE";166;40265;28.11
17;1257;"FDP";166;13097;9.14
17;269;"GRÜNE";166;6491;4.53
17;839;"NPD";166;5394;3.77
17;554;"BüSo";166;995;0.69
17;1604;;166;520;0.36
17;1192;"CDU";167;55128;40.86
17;2887;"SPD";167;21393;15.86
17;2301;"DIE LINKE";167;33586;24.9
17;976;"FDP";167;12755;9.45
17;2324;"GRÜNE";167;5849;4.34
17;1633;"NPD";167;4908;3.64
17;1545;"PBC";167;1290;0.96
17;2019;"SPD";168;51737;37.76
17;3246;"CDU";168;48414;35.34
17;2604;"FDP";168;13180;9.62
17;2270;"GRÜNE";168;11209;8.18
17;25;"DIE LINKE";168;10400;7.59
17;860;"NPD";168;1756;1.28
17;1788;;168;311;0.23
17;905;"SPD";169;59621;38.03
17;832;"CDU";169;47643;30.39
17;562;"FDP";169;12188;7.77
17;1916;"GRÜNE";169;19246;12.28
17;533;"DIE LINKE";169;15453;9.86
17;2410;"NPD";169;1594;1.02
17;2021;"MLPD";169;319;0.2
17;2292;;169;715;0.46
17;2566;"SPD";170;53275;40.36
17;1085;"CDU";170;45711;34.63
17;671;"FDP";170;12290;9.31
17;2717;"GRÜNE";170;7530;5.7
17;3545;"DIE LINKE";170;11080;8.39
17;172;"NPD";170;2128;1.61
17;746;"SPD";171;56519;40.34
17;2945;"CDU";171;47053;33.59
17;3354;"FDP";171;13487;9.63
17;636;"GRÜNE";171;9370;6.69
17;2678;"DIE LINKE";171;11395;8.13
17;1544;"NPD";171;2275;1.62
17;112;"SPD";172;51712;38.91
17;1076;"CDU";172;47322;35.6
17;152;"FDP";172;10964;8.25
17;1506;"GRÜNE";172;10366;7.8
17;1551;"DIE LINKE";172;10857;8.17
17;1932;"NPD";172;1690;1.27
17;2729;"SPD";173;47897;33.07
17;2306;"CDU";173;60214;41.57
17;194;"FDP";173;12968;8.95
17;1188;"GRÜNE";173;11032;7.62
17;883;"DIE LINKE";173;9815;6.78
17;949;"NPD";173;2922;2.02
17;3238;"SPD";174;55331;34.19
17;309;"CDU";174;59441;36.73
17;2973;"FDP";174;17928;11.08
17;1535;"GRÜNE";174;14140;8.74
17;13;"DIE LINKE";174;11399;7.04
17;2602;"NPD";174;2328;1.44
17;1491;;174;1253;0.77
17;247;"SPD";175;41388;23.93
17;294;"CDU";175;86084;49.77
17;1496;"FDP";175;17415;10.07
17;3000;"GRÜNE";175;12556;7.26
17;1851;"DIE LINKE";175;11923;6.89
17;282;"NPD";175;3591;2.08
17;2627;"SPD";176;35257;25.41
17;1024;"CDU";176;62748;45.22
17;2591;"FDP";176;16255;11.71
17;495;"GRÜNE";176;12976;9.35
17;643;"DIE LINKE";176;7522;5.42
17;785;"NPD";176;1081;0.78
17;2211;"REP";176;862;0.62
17;3383;"Die Tierschutzpartei";176;2074;1.49
17;1069;"SPD";177;59420;33.07
17;2391;"CDU";177;73702;41.01
17;978;"FDP";177;16284;9.06
17;1561;"GRÜNE";177;12425;6.91
17;664;"DIE LINKE";177;11116;6.19
17;1704;"NPD";177;3792;2.11
17;2597;"Die Tierschutzpartei";177;2631;1.46
17;996;;177;328;0.18
17;2403;"SPD";178;45127;27.68
17;3446;"CDU";178;75224;46.13
17;2103;"FDP";178;17463;10.71
17;1836;"GRÜNE";178;13141;8.06
17;1501;"DIE LINKE";178;9066;5.56
17;3283;"NPD";178;1432;0.88
17;2237;"REP";178;1603;0.98
17;3424;"SPD";179;42751;32.62
17;1524;"CDU";179;53416;40.76
17;845;"FDP";179;12350;9.42
17;2830;"GRÜNE";179;10970;8.37
17;1354;"DIE LINKE";179;9016;6.88
17;1301;"NPD";179;1516;1.16
17;1042;"BüSo";179;588;0.45
17;2810;;179;444;0.34
17;2400;"SPD";180;59413;34.04
17;3137;"CDU";180;68704;39.36
17;359;"FDP";180;15523;8.89
17;286;"GRÜNE";180;11572;6.63
17;542;"DIE LINKE";180;11985;6.87
17;1504;"NPD";180;2289;1.31
17;734;"REP";180;1764;1.01
17;1937;"Die Tierschutzpartei";180;3287;1.88
17;2516;"SPD";181;36629;23.95
17;2504;"CDU";181;72680;47.53
17;3016;"FDP";181;18588;12.15
17;3089;"GRÜNE";181;15618;10.21
17;1251;"DIE LINKE";181;7718;5.05
17;904;"NPD";181;1694;1.11
17;32;"SPD";182;39147;30.06
17;3536;"CDU";182;45866;35.22
17;2252;"FDP";182;12876;9.89
17;682;"GRÜNE";182;15701;12.06
17;3431;"DIE LINKE";182;12031;9.24
17;3225;"NPD";182;1327;1.02
17;2250;"REP";182;862;0.66
17;2446;"Die Tierschutzpartei";182;1879;1.44
17;43;"BüSo";182;353;0.27
17;2128;"MLPD";182;170;0.13
17;2199;"SPD";183;45074;29.29
17;3036;"CDU";183;55027;35.76
17;2786;"FDP";183;14336;9.32
17;2209;"GRÜNE";183;23403;15.21
17;833;"DIE LINKE";183;11998;7.8
17;1620;"NPD";183;1546;1
17;2382;"Die Tierschutzpartei";183;2077;1.35
17;701;"BüSo";183;416;0.27
17;2448;"SPD";184;44973;35.97
17;1347;"CDU";184;45410;36.32
17;379;"FDP";184;10177;8.14
17;909;"GRÜNE";184;12072;9.66
17;1382;"DIE LINKE";184;9449;7.56
17;1302;"NPD";184;2457;1.97
17;19;;184;482;0.39
17;3514;"SPD";185;44542;28.76
17;3418;"CDU";185;62281;40.21
17;1738;"FDP";185;15843;10.23
17;844;"GRÜNE";185;15243;9.84
17;358;"DIE LINKE";185;11594;7.49
17;1946;"NPD";185;2434;1.57
17;2510;"Die Tierschutzpartei";185;2722;1.76
17;1395;;185;229;0.15
17;3556;"SPD";186;60581;35.02
17;3075;"CDU";186;60536;35
17;1137;"FDP";186;13553;7.84
17;3295;"GRÜNE";186;20963;12.12
17;395;"DIE LINKE";186;11213;6.48
17;497;"NPD";186;1860;1.08
17;1252;"PIRATEN";186;3866;2.24
17;321;"ADM";186;396;0.23
17;240;"SPD";187;50797;29.63
17;1834;"CDU";187;69191;40.36
17;1562;"FDP";187;18409;10.74
17;2441;"GRÜNE";187;16215;9.46
17;1774;"DIE LINKE";187;11574;6.75
17;1046;"NPD";187;2183;1.27
17;2334;"REP";187;1772;1.03
17;2867;;187;822;0.48
17;2012;;187;459;0.27
17;1714;"SPD";188;44903;30.93
17;1996;"CDU";188;64472;44.41
17;1603;"FDP";188;12966;8.93
17;842;"GRÜNE";188;11296;7.78
17;2948;"DIE LINKE";188;9171;6.32
17;3449;"NPD";188;2365;1.63
17;2907;"SPD";189;22854;16.96
17;2655;"DIE LINKE";189;33005;24.49
17;970;"CDU";189;57882;42.96
17;1465;"FDP";189;9942;7.38
17;1223;"GRÜNE";189;5540;4.11
17;1109;"NPD";189;3798;2.82
17;3261;"ödp";189;1416;1.05
17;1896;;189;309;0.23
17;1608;"SPD";190;29106;22.55
17;2107;"DIE LINKE";190;35666;27.63
17;1190;"CDU";190;44903;34.79
17;2572;"FDP";190;8211;6.36
17;1308;"GRÜNE";190;4921;3.81
17;3434;"NPD";190;4864;3.77
17;1856;;190;1075;0.83
17;960;;190;317;0.25
17;1780;"SPD";191;22819;18.1
17;2161;"DIE LINKE";191;39568;31.39
17;2934;"CDU";191;42674;33.85
17;1692;"FDP";191;9800;7.77
17;1887;"GRÜNE";191;5754;4.56
17;3336;"NPD";191;4855;3.85
17;2567;;191;595;0.47
17;1158;"SPD";192;37032;26.87
17;1189;"DIE LINKE";192;35942;26.08
17;2699;"CDU";192;40063;29.07
17;1564;"FDP";192;10056;7.3
17;886;"GRÜNE";192;7391;5.36
17;2444;"NPD";192;5475;3.97
17;2068;;192;672;0.49
17;208;;192;1176;0.85
17;2765;"SPD";193;33488;22.43
17;2992;"DIE LINKE";193;43050;28.84
17;3186;"CDU";193;45931;30.77
17;693;"FDP";193;8897;5.96
17;1746;"GRÜNE";193;12137;8.13
17;2906;"NPD";193;4151;2.78
17;699;;193;947;0.63
17;2871;;193;673;0.45
17;250;"SPD";194;34658;21.32
17;1787;"DIE LINKE";194;49344;30.36
17;2487;"CDU";194;46590;28.67
17;2529;"FDP";194;15695;9.66
17;2067;"GRÜNE";194;11471;7.06
17;2315;"NPD";194;4771;2.94
17;2366;"SPD";195;20224;17.58
17;3143;"DIE LINKE";195;33672;29.27
17;3256;"CDU";195;42988;37.37
17;742;"FDP";195;9237;8.03
17;2129;"GRÜNE";195;4196;3.65
17;2776;"NPD";195;4720;4.1
17;673;"SPD";196;27824;18.97
17;2773;"DIE LINKE";196;45820;31.24
17;3019;"CDU";196;46726;31.86
17;3338;"FDP";196;12534;8.55
17;1100;"GRÜNE";196;5684;3.88
17;3203;"NPD";196;6574;4.48
17;593;"MLPD";196;582;0.4
17;1617;;196;934;0.64
17;874;"SPD";197;27055;21.03
17;2287;"DIE LINKE";197;41361;32.15
17;1364;"CDU";197;39600;30.78
17;2436;"FDP";197;10313;8.02
17;1895;"GRÜNE";197;5936;4.61
17;1113;"NPD";197;4380;3.4
17;2578;"CDU";198;66214;39.2
17;83;"SPD";198;61544;36.43
17;1214;"FDP";198;17881;10.59
17;1826;"GRÜNE";198;9518;5.63
17;1393;"DIE LINKE";198;11331;6.71
17;210;"NPD";198;2438;1.44
17;1088;"CDU";199;62145;45.52
17;2156;"SPD";199;33987;24.89
17;3042;"FDP";199;20470;14.99
17;239;"GRÜNE";199;10094;7.39
17;3450;"DIE LINKE";199;8310;6.09
17;1499;"NPD";199;1527;1.12
17;793;"CDU";200;59853;44.12
17;2073;"SPD";200;38080;28.07
17;660;"FDP";200;13084;9.64
17;3453;"GRÜNE";200;13222;9.75
17;692;"DIE LINKE";200;9935;7.32
17;1838;"NPD";200;1483;1.09
17;237;"CDU";201;60105;47.72
17;1104;"SPD";201;29859;23.71
17;3443;"FDP";201;15714;12.48
17;3024;"GRÜNE";201;9724;7.72
17;1925;"DIE LINKE";201;9035;7.17
17;1606;"NPD";201;1521;1.21
17;1493;"CDU";202;61167;47
17;1546;"SPD";202;37332;28.69
17;1352;"FDP";202;8684;6.67
17;2253;"GRÜNE";202;8768;6.74
17;1619;"DIE LINKE";202;11579;8.9
17;482;"NPD";202;1798;1.38
17;1304;;202;801;0.62
17;2782;"CDU";203;53705;46.07
17;1790;"SPD";203;28042;24.06
17;837;"FDP";203;16213;13.91
17;1196;"GRÜNE";203;9274;7.96
17;3080;"DIE LINKE";203;8043;6.9
17;3458;"NPD";203;1295;1.11
17;1407;"CDU";204;61594;45.7
17;2198;"SPD";204;34948;25.93
17;1511;"FDP";204;11237;8.34
17;906;"GRÜNE";204;14109;10.47
17;3401;"DIE LINKE";204;11583;8.59
17;69;"NPD";204;1315;0.98
17;1208;"CDU";205;65215;43.16
17;3306;"SPD";205;44416;29.4
17;230;"FDP";205;16541;10.95
17;2148;"GRÜNE";205;10685;7.07
17;1473;"DIE LINKE";205;11884;7.87
17;927;"NPD";205;2347;1.55
17;915;"CDU";206;68081;36.32
17;1049;"SPD";206;57338;30.59
17;339;"FDP";206;22054;11.76
17;2538;"GRÜNE";206;23696;12.64
17;3282;"DIE LINKE";206;10737;5.73
17;1112;"NPD";206;2043;1.09
17;1776;"ödp";206;2384;1.27
17;1287;"BüSo";206;304;0.16
17;2808;"DIE VIOLETTEN";206;833;0.44
17;3138;"CDU";207;51892;35.99
17;1017;"SPD";207;54255;37.63
17;1195;"FDP";207;14051;9.74
17;2671;"GRÜNE";207;10515;7.29
17;2360;"DIE LINKE";207;10218;7.09
17;1945;"NPD";207;3259;2.26
17;258;"CDU";208;57736;38.38
17;100;"SPD";208;48713;32.38
17;1944;"FDP";208;12878;8.56
17;308;"GRÜNE";208;9277;6.17
17;2938;"DIE LINKE";208;13002;8.64
17;2524;"NPD";208;1807;1.2
17;3030;"REP";208;3631;2.41
17;3064;"MLPD";208;210;0.14
17;2676;"PIRATEN";208;3188;2.12
17;2698;"CDU";209;71481;44.62
17;2473;"SPD";209;40404;25.22
17;1743;"FDP";209;14870;9.28
17;2288;"GRÜNE";209;13748;8.58
17;136;"DIE LINKE";209;12546;7.83
17;50;"NPD";209;2710;1.69
17;2187;"FAMILIE";209;3140;1.96
17;1687;;209;1283;0.8
17;1353;"CDU";210;52311;32.84
17;1155;"SPD";210;55070;34.57
17;2539;"FDP";210;14725;9.24
17;1358;"GRÜNE";210;10834;6.8
17;3224;"DIE LINKE";210;22205;13.94
17;3301;"NPD";210;4143;2.6
17;2633;"CDU";211;50035;39.43
17;3442;"SPD";211;34342;27.06
17;2563;"FDP";211;14105;11.11
17;1571;"GRÜNE";211;8840;6.97
17;639;"DIE LINKE";211;15989;12.6
17;3317;"NPD";211;3598;2.84
17;831;"CDU";212;61994;40.67
17;2753;"SPD";212;42287;27.74
17;3467;"FDP";212;19431;12.75
17;1825;"GRÜNE";212;12637;8.29
17;1685;"DIE LINKE";212;10926;7.17
17;2308;"NPD";212;3230;2.12
17;496;;212;1197;0.79
17;184;;212;728;0.48
17;1980;"CSU";213;67284;60.74
17;950;"SPD";213;16724;15.1
17;356;"FDP";213;9508;8.58
17;3220;"GRÜNE";213;8477;7.65
17;2275;"DIE LINKE";213;5362;4.84
17;766;"NPD";213;2045;1.85
17;1911;"BüSo";213;1369;1.24
17;1766;"CSU";214;67518;48.88
17;2875;"SPD";214;24402;17.67
17;695;"FDP";214;16433;11.9
17;1456;"GRÜNE";214;17573;12.72
17;1574;"DIE LINKE";214;6073;4.4
17;1248;"NPD";214;1837;1.33
17;2453;"ödp";214;3969;2.87
17;2354;;214;327;0.24
17;2219;"CSU";215;69229;46.91
17;526;"SPD";215;20791;14.09
17;2193;"FDP";215;19711;13.35
17;3013;"GRÜNE";215;25408;17.21
17;1255;"DIE LINKE";215;8247;5.59
17;890;"NPD";215;2558;1.73
17;522;"RRP";215;1650;1.12
17;1060;"CSU";216;91947;48.87
17;661;"SPD";216;35851;19.06
17;2926;"FDP";216;20997;11.16
17;3320;"GRÜNE";216;20344;10.81
17;300;"DIE LINKE";216;7311;3.89
17;3509;"NPD";216;2053;1.09
17;3465;"BP";216;3172;1.69
17;1091;"ödp";216;3197;1.7
17;1717;"RRP";216;2462;1.31
17;5;;216;793;0.42
17;297;"CSU";217;99482;57.21
17;614;"SPD";217;26825;15.43
17;2732;"FDP";217;14151;8.14
17;1652;"GRÜNE";217;14174;8.15
17;377;"DIE LINKE";217;10936;6.29
17;650;"NPD";217;3308;1.9
17;2683;"BüSo";217;661;0.38
17;3452;"ödp";217;3874;2.23
17;752;;217;466;0.27
17;2963;"CSU";218;57161;36.5
17;178;"SPD";218;55691;35.57
17;1231;"FDP";218;15766;10.07
17;929;"GRÜNE";218;15307;9.78
17;781;"DIE LINKE";218;7773;4.96
17;2573;"NPD";218;1531;0.98
17;657;"BüSo";218;217;0.14
17;559;"MLPD";218;123;0.08
17;2038;"ödp";218;1732;1.11
17;3232;;218;1285;0.82
17;748;"CSU";219;61412;36.37
17;3139;"SPD";219;44917;26.6
17;3063;"FDP";219;24022;14.23
17;899;"GRÜNE";219;21722;12.86
17;895;"DIE LINKE";219;9109;5.39
17;257;"NPD";219;1286;0.76
17;2891;"BP";219;1574;0.93
17;1129;"BüSo";219;221;0.13
17;1047;"ödp";219;2147;1.27
17;3222;"RRP";219;1616;0.96
17;1397;;219;839;0.5
17;830;"CSU";220;58849;38.18
17;3272;"SPD";220;43835;28.44
17;1706;"FDP";220;17033;11.05
17;2084;"GRÜNE";220;20507;13.31
17;3387;"DIE LINKE";220;8266;5.36
17;3396;"NPD";220;1289;0.84
17;1372;"BüSo";220;460;0.3
17;1750;"ödp";220;2097;1.36
17;745;;220;617;0.4
17;3047;;220;1167;0.76
17;3217;"CSU";221;63075;36.76
17;720;"SPD";221;47101;27.45
17;3266;"FDP";221;20442;11.91
17;322;"GRÜNE";221;24967;14.55
17;1185;"DIE LINKE";221;9665;5.63
17;197;"NPD";221;1413;0.82
17;3554;"BüSo";221;412;0.24
17;3319;"ödp";221;2623;1.53
17;2015;;221;248;0.14
17;235;;221;979;0.57
17;1720;;221;652;0.38
17;1022;"CSU";222;83856;45.72
17;1789;"SPD";222;35805;19.52
17;2857;"FDP";222;24634;13.43
17;1229;"GRÜNE";222;24386;13.3
17;2923;"DIE LINKE";222;6914;3.77
17;1059;"NPD";222;1480;0.81
17;609;"FAMILIE";222;1975;1.08
17;553;"ödp";222;2027;1.11
17;1705;"RRP";222;1636;0.89
17;1439;"Freie Union";222;686;0.37
17;2399;"CSU";223;82305;51.5
17;910;"SPD";223;23041;14.42
17;1794;"FDP";223;14745;9.23
17;2600;"GRÜNE";223;19499;12.2
17;2051;"DIE LINKE";223;5967;3.73
17;891;"NPD";223;1172;0.73
17;2826;"REP";223;3455;2.16
17;3333;"BP";223;3612;2.26
17;3091;"BüSo";223;375;0.23
17;741;"ödp";223;3905;2.44
17;2319;"RRP";223;1749;1.09
17;18;"CSU";224;101261;53.99
17;108;"SPD";224;29651;15.81
17;1797;"FDP";224;27350;14.58
17;80;"GRÜNE";224;19809;10.56
17;1509;"DIE LINKE";224;7215;3.85
17;46;"NPD";224;2283;1.22
17;2419;"CSU";225;76741;54.57
17;1554;"SPD";225;21406;15.22
17;2272;"FDP";225;10142;7.21
17;3535;"GRÜNE";225;16188;11.51
17;3507;"DIE LINKE";225;6156;4.38
17;2821;"NPD";225;2063;1.47
17;3025;"BP";225;2860;2.03
17;1651;"BüSo";225;608;0.43
17;1230;"ödp";225;2409;1.71
17;1858;"RRP";225;1296;0.92
17;1771;"Freie Union";225;749;0.53
17;513;"CSU";226;94302;51.99
17;557;"SPD";226;25894;14.28
17;318;"FDP";226;19076;10.52
17;2449;"GRÜNE";226;21516;11.86
17;85;"DIE LINKE";226;7568;4.17
17;2349;"NPD";226;1883;1.04
17;532;"BP";226;3399;1.87
17;2711;"ödp";226;4511;2.49
17;248;"RRP";226;1921;1.06
17;2943;;226;598;0.33
17;1153;;226;725;0.4
17;1377;"CSU";227;49398;52.89
17;1021;"SPD";227;15336;16.42
17;548;"FDP";227;11065;11.85
17;2558;"GRÜNE";227;6717;7.19
17;2258;"DIE LINKE";227;6851;7.34
17;3045;"NPD";227;3039;3.25
17;350;"Freie Union";227;992;1.06
17;893;"CSU";228;84953;50.49
17;3227;"SPD";228;25337;15.06
17;3520;"FDP";228;22940;13.63
17;823;"GRÜNE";228;17133;10.18
17;2065;"DIE LINKE";228;9362;5.56
17;2521;"NPD";228;3295;1.96
17;1161;"DIE VIOLETTEN";228;1176;0.7
17;2056;"ödp";228;4051;2.41
17;2679;"CSU";229;54275;46.5
17;3149;"SPD";229;16573;14.2
17;3003;"FDP";229;22069;18.91
17;387;"GRÜNE";229;8767;7.51
17;3324;"DIE LINKE";229;9217;7.9
17;805;"NPD";229;2600;2.23
17;2931;"ödp";229;3212;2.75
17;3082;"CSU";230;54904;53.6
17;2381;"SPD";230;17920;17.49
17;1389;"FDP";230;10305;10.06
17;1070;"GRÜNE";230;5828;5.69
17;2789;"DIE LINKE";230;4868;4.75
17;1010;"NPD";230;1743;1.7
17;1578;"REP";230;1719;1.68
17;1957;"BüSo";230;522;0.51
17;17;"ödp";230;4626;4.52
17;1184;"CSU";231;61572;55.43
17;8;"SPD";231;24922;22.43
17;747;"FDP";231;8650;7.79
17;971;"GRÜNE";231;4372;3.94
17;1695;"DIE LINKE";231;5410;4.87
17;2561;"NPD";231;2519;2.27
17;656;"ödp";231;3040;2.74
17;1394;;231;602;0.54
17;1398;"CSU";232;71148;47.32
17;205;"SPD";232;30587;20.34
17;2000;"FDP";232;18922;12.59
17;2835;"GRÜNE";232;13833;9.2
17;191;"DIE LINKE";232;10544;7.01
17;1483;"NPD";232;3818;2.54
17;2493;"RRP";232;1493;0.99
17;65;"CSU";233;75653;44.75
17;2971;"SPD";233;35207;20.82
17;1991;"FDP";233;21618;12.79
17;1260;"GRÜNE";233;14784;8.74
17;2991;"DIE LINKE";233;10514;6.22
17;1899;"NPD";233;2753;1.63
17;3438;"ödp";233;4410;2.61
17;1405;"PIRATEN";233;2903;1.72
17;791;"RRP";233;1227;0.73
17;1235;"CSU";234;72791;51.34
17;2684;"SPD";234;34321;24.21
17;121;"FDP";234;11058;7.8
17;412;"GRÜNE";234;6423;4.53
17;344;"DIE LINKE";234;9396;6.63
17;583;"NPD";234;3463;2.44
17;1994;"ödp";234;2830;2
17;1437;;234;556;0.39
17;2981;;234;950;0.67
17;2592;"CSU";235;54891;44.93
17;2685;"SPD";235;24261;19.86
17;3529;"FDP";235;8664;7.09
17;1979;"GRÜNE";235;6031;4.94
17;1034;"DIE LINKE";235;6567;5.38
17;2259;"NPD";235;2994;2.45
17;3436;"ödp";235;1563;1.28
17;505;;235;17196;14.08
17;2959;"CSU";236;62548;49.06
17;2890;"SPD";236;26044;20.43
17;1541;"FDP";236;13590;10.66
17;75;"GRÜNE";236;11726;9.2
17;2908;"DIE LINKE";236;7601;5.96
17;2041;"NPD";236;1899;1.49
17;1864;"REP";236;2213;1.74
17;538;"BP";236;1562;1.23
17;1718;;236;303;0.24
17;1586;"CSU";237;58848;50.89
17;1607;"SPD";237;23920;20.69
17;1294;"FDP";237;9898;8.56
17;1870;"GRÜNE";237;13096;11.33
17;260;"DIE LINKE";237;6318;5.46
17;1814;"NPD";237;1701;1.47
17;2202;"REP";237;1855;1.6
17;2046;"CSU";238;55174;48.37
17;546;"SPD";238;28882;25.32
17;1142;"FDP";238;8805;7.72
17;3375;"GRÜNE";238;9380;8.22
17;1172;"DIE LINKE";238;7475;6.55
17;1689;"NPD";238;2775;2.43
17;2310;"ödp";238;1234;1.08
17;1012;;238;342;0.3
17;771;"CSU";239;57632;46.46
17;635;"SPD";239;33763;27.22
17;2395;"FDP";239;9604;7.74
17;2654;"GRÜNE";239;9302;7.5
17;615;"DIE LINKE";239;9994;8.06
17;200;"NPD";239;3094;2.49
17;3503;;239;650;0.52
17;987;"CSU";240;86658;68.07
17;3050;"SPD";240;18717;14.7
17;3229;"FDP";240;4885;3.84
17;1147;"GRÜNE";240;5985;4.7
17;435;"DIE LINKE";240;6624;5.2
17;1862;"NPD";240;3027;2.38
17;2222;"ödp";240;1407;1.11
17;885;"CSU";241;80239;47.36
17;1520;"SPD";241;37133;21.92
17;628;"FDP";241;17346;10.24
17;1433;"GRÜNE";241;14054;8.29
17;504;"DIE LINKE";241;9231;5.45
17;1735;"NPD";241;3835;2.26
17;2902;"ödp";241;3658;2.16
17;2725;"PIRATEN";241;3248;1.92
17;536;;241;692;0.41
17;2125;"CSU";242;60685;45.12
17;3012;"SPD";242;32269;23.99
17;456;"FDP";242;12736;9.47
17;292;"GRÜNE";242;15036;11.18
17;580;"DIE LINKE";242;8275;6.15
17;2552;"NPD";242;1596;1.19
17;2233;"FAMILIE";242;1946;1.45
17;2458;"ödp";242;1686;1.25
17;2812;;242;281;0.21
17;2728;"CSU";243;76897;43.34
17;2594;"SPD";243;44505;25.08
17;1986;"FDP";243;15361;8.66
17;1417;"GRÜNE";243;17109;9.64
17;1086;"DIE LINKE";243;13798;7.78
17;3235;"NPD";243;3551;2
17;3506;"PIRATEN";243;4166;2.35
17;2605;"Freie Union";243;2042;1.15
17;3475;"CSU";244;48943;36.64
17;877;"SPD";244;41246;30.88
17;2181;"FDP";244;10652;7.97
17;1065;"GRÜNE";244;15043;11.26
17;3362;"DIE LINKE";244;10923;8.18
17;2669;"NPD";244;2320;1.74
17;2593;"MLPD";244;187;0.14
17;1594;"PIRATEN";244;4268;3.2
17;776;"CSU";245;47519;38.6
17;388;"SPD";245;37159;30.19
17;3365;"FDP";245;10498;8.53
17;2398;"GRÜNE";245;10048;8.16
17;2708;"DIE LINKE";245;10794;8.77
17;217;"NPD";245;3136;2.55
17;183;"PIRATEN";245;2653;2.16
17;2420;"RRP";245;1290;1.05
17;2087;"CSU";246;75280;44.59
17;2212;"SPD";246;40464;23.97
17;2879;"FDP";246;18809;11.14
17;189;"GRÜNE";246;16521;9.79
17;2704;"DIE LINKE";246;9610;5.69
17;616;"NPD";246;3289;1.95
17;1660;"PIRATEN";246;3205;1.9
17;53;"RRP";246;1642;0.97
17;835;"CSU";247;56491;42.74
17;2261;"SPD";247;25143;19.02
17;1381;"FDP";247;15185;11.49
17;2659;"GRÜNE";247;22717;17.19
17;2577;"DIE LINKE";247;8072;6.11
17;2949;"NPD";247;2716;2.06
17;1724;"ödp";247;1841;1.39
17;79;"CSU";248;85574;53.69
17;1408;"SPD";248;28487;17.87
17;3537;"FDP";248;13592;8.53
17;685;"GRÜNE";248;14723;9.24
17;94;"DIE LINKE";248;13000;8.16
17;1268;"NPD";248;3305;2.07
17;2643;;248;712;0.45
17;3548;"CSU";249;75542;52.35
17;2584;"SPD";249;28659;19.86
17;2492;"FDP";249;12858;8.91
17;2736;"GRÜNE";249;13649;9.46
17;610;"DIE LINKE";249;8817;6.11
17;414;"NPD";249;1620;1.12
17;1725;"REP";249;2230;1.55
17;759;"PBC";249;921;0.64
17;876;"CSU";250;66253;46.35
17;1225;"SPD";250;27794;19.45
17;1815;"FDP";250;13713;9.59
17;2329;"GRÜNE";250;14598;10.21
17;634;"DIE LINKE";250;14803;10.36
17;1242;"NPD";250;3029;2.12
17;1226;"BP";250;2213;1.55
17;2576;;250;526;0.37
17;1772;"CSU";251;73800;43.97
17;2478;"SPD";251;39055;23.27
17;2984;"FDP";251;17030;10.15
17;770;"GRÜNE";251;21914;13.06
17;966;"DIE LINKE";251;9334;5.56
17;2150;"NPD";251;2312;1.38
17;1162;"PIRATEN";251;3659;2.18
17;1233;;251;742;0.44
17;2571;"CSU";252;56644;42.22
17;2265;"SPD";252;26268;19.58
17;972;"FDP";252;14638;10.91
17;2562;"GRÜNE";252;19708;14.69
17;3120;"DIE LINKE";252;9318;6.95
17;2501;"NPD";252;2038;1.52
17;3314;"BP";252;1022;0.76
17;652;"BüSo";252;177;0.13
17;120;"MLPD";252;230;0.17
17;1269;"ödp";252;1621;1.21
17;2372;"RRP";252;1658;1.24
17;1931;;252;846;0.63
17;2247;"CSU";253;92508;53
17;999;"SPD";253;27427;15.71
17;1867;"FDP";253;20137;11.54
17;2547;"GRÜNE";253;15031;8.61
17;1082;"DIE LINKE";253;8264;4.73
17;1055;"NPD";253;2834;1.62
17;2658;"BP";253;2552;1.46
17;1102;"BüSo";253;444;0.25
17;1222;"ödp";253;2804;1.61
17;1828;"RRP";253;2539;1.45
17;1731;"CSU";254;69102;52.58
17;738;"SPD";254;20901;15.9
17;2368;"FDP";254;15337;11.67
17;2491;"GRÜNE";254;9962;7.58
17;2913;"DIE LINKE";254;8025;6.11
17;694;"NPD";254;2549;1.94
17;1827;"BP";254;2385;1.81
17;3176;"DIE VIOLETTEN";254;888;0.68
17;2373;"ödp";254;1982;1.51
17;1781;;254;297;0.23
17;2215;"CSU";255;82046;50.69
17;351;"SPD";255;24977;15.43
17;182;"FDP";255;18406;11.37
17;469;"GRÜNE";255;17398;10.75
17;1930;"DIE LINKE";255;10245;6.33
17;1054;"NPD";255;4483;2.77
17;3343;"ödp";255;4291;2.65
17;2113;"CSU";256;83181;53.03
17;3087;"SPD";256;19107;12.18
17;3170;"FDP";256;17464;11.13
17;1051;"GRÜNE";256;20093;12.81
17;22;"DIE LINKE";256;7842;5
17;1622;"NPD";256;1314;0.84
17;1262;"REP";256;2092;1.33
17;1449;"BP";256;2606;1.66
17;3234;"ödp";256;3150;2.01
17;3078;"CSU";257;85429;51.08
17;2996;"SPD";257;22859;13.67
17;2536;"FDP";257;21115;12.63
17;2986;"GRÜNE";257;15030;8.99
17;1985;"DIE LINKE";257;8822;5.28
17;232;"NPD";257;2814;1.68
17;687;"BP";257;5367;3.21
17;40;"ödp";257;3671;2.2
17;3051;;257;263;0.16
17;3049;"Freie Union";257;737;0.44
17;721;;257;1125;0.67
17;1414;"CDU";258;48518;34.42
17;3262;"SPD";258;25364;17.99
17;425;"FDP";258;14514;10.3
17;2229;"GRÜNE";258;42116;29.87
17;42;"DIE LINKE";258;6601;4.68
17;1118;"NPD";258;1068;0.76
17;2079;"BüSo";258;446;0.32
17;3231;"PIRATEN";258;2350;1.67
17;1892;"CDU";259;44002;34.52
17;1681;"SPD";259;33525;26.3
17;1157;"FDP";259;13327;10.46
17;166;"GRÜNE";259;21453;16.83
17;1973;"DIE LINKE";259;10902;8.55
17;2896;"NPD";259;1673;1.31
17;1601;"MLPD";259;322;0.25
17;953;"BüSo";259;373;0.29
17;3379;"PIRATEN";259;1893;1.49
17;223;"CDU";260;82344;45.13
17;612;"SPD";260;36550;20.03
17;3197;"FDP";260;23717;13
17;1062;"GRÜNE";260;24138;13.23
17;2327;"DIE LINKE";260;9657;5.29
17;2210;"NPD";260;2914;1.6
17;84;"MLPD";260;328;0.18
17;2003;"PIRATEN";260;2798;1.53
17;963;"CDU";261;53829;43.46
17;2565;"SPD";261;35396;28.58
17;663;"FDP";261;10819;8.74
17;1821;"GRÜNE";261;15511;12.52
17;1067;"DIE LINKE";261;6225;5.03
17;676;"NPD";261;1768;1.43
17;1313;"MLPD";261;299;0.24
17;1133;"CDU";262;66116;43.35
17;55;"SPD";262;36910;24.2
17;2967;"FDP";262;17768;11.65
17;2889;"GRÜNE";262;21104;13.84
17;702;"DIE LINKE";262;7973;5.23
17;549;"NPD";262;2647;1.74
17;2502;"CDU";263;55049;43.14
17;220;"SPD";263;33916;26.58
17;2962;"FDP";263;13177;10.33
17;1763;"GRÜNE";263;14009;10.98
17;2535;"DIE LINKE";263;8157;6.39
17;2154;"NPD";263;2385;1.87
17;1413;"ödp";263;920;0.72
17;2303;"CDU";264;69575;42.96
17;2661;"SPD";264;44071;27.21
17;3488;"FDP";264;19793;12.22
17;2092;"GRÜNE";264;15379;9.5
17;2170;"DIE LINKE";264;8627;5.33
17;3348;"NPD";264;2720;1.68
17;882;"MLPD";264;319;0.2
17;270;"ödp";264;1477;0.91
17;216;"CDU";265;61328;39.92
17;2069;"SPD";265;34718;22.6
17;2806;"FDP";265;19431;12.65
17;1203;"GRÜNE";265;23966;15.6
17;1422;"DIE LINKE";265;9800;6.38
17;1523;"NPD";265;2436;1.59
17;3250;"PBC";265;971;0.63
17;1462;"ödp";265;963;0.63
17;854;"CDU";266;70606;42.05
17;1918;"SPD";266;39430;23.48
17;1773;"FDP";266;24682;14.7
17;2549;"GRÜNE";266;18626;11.09
17;1657;"DIE LINKE";266;9169;5.46
17;1598;"NPD";266;2798;1.67
17;470;"ödp";266;1177;0.7
17;1903;;266;1095;0.65
17;3454;;266;346;0.21
17;3094;"CDU";267;73308;44.24
17;1357;"SPD";267;41484;25.04
17;1829;"FDP";267;19924;12.03
17;2777;"GRÜNE";267;14594;8.81
17;579;"DIE LINKE";267;10693;6.45
17;2799;"NPD";267;3657;2.21
17;2579;"MLPD";267;372;0.22
17;911;"ödp";267;1656;1
17;3055;"CDU";268;65474;43.27
17;2624;"SPD";268;32606;21.55
17;306;"FDP";268;19839;13.11
17;569;"GRÜNE";268;18132;11.98
17;2232;"DIE LINKE";268;10938;7.23
17;896;"NPD";268;3328;2.2
17;1728;;268;1004;0.66
17;109;"CDU";269;55492;44.72
17;1726;"SPD";269;30902;24.9
17;717;"FDP";269;12822;10.33
17;3112;"GRÜNE";269;12749;10.27
17;3028;"DIE LINKE";269;8177;6.59
17;3531;"NPD";269;2404;1.94
17;914;"PBC";269;1240;1
17;2488;;269;311;0.25
17;1440;"CDU";270;70599;45.05
17;3118;"SPD";270;39951;25.49
17;2497;"FDP";270;15604;9.96
17;1610;"GRÜNE";270;14226;9.08
17;3077;"DIE LINKE";270;11775;7.51
17;3216;"NPD";270;2996;1.91
17;2158;;270;1567;1
17;3381;"CDU";271;53872;38.07
17;1349;"SPD";271;37845;26.75
17;900;"FDP";271;11845;8.37
17;1593;"GRÜNE";271;21452;15.16
17;218;"DIE LINKE";271;10034;7.09
17;814;"NPD";271;1534;1.08
17;423;"MLPD";271;234;0.17
17;1747;"PIRATEN";271;4359;3.08
17;2508;;271;101;0.07
17;1800;;271;215;0.15
17;707;"CDU";272;68951;45.2
17;1340;"SPD";272;39021;25.58
17;1993;"FDP";272;17668;11.58
17;2588;"GRÜNE";272;15506;10.17
17;681;"DIE LINKE";272;8569;5.62
17;2687;"NPD";272;2310;1.51
17;3553;;272;506;0.33
17;892;"CDU";273;68652;48.03
17;1627;"SPD";273;33279;23.28
17;173;"FDP";273;14235;9.96
17;155;"GRÜNE";273;15404;10.78
17;1958;"DIE LINKE";273;8935;6.25
17;2581;"NPD";273;2436;1.7
17;1715;"CDU";274;57963;36.1
17;221;"SPD";274;47683;29.69
17;2191;"FDP";274;19314;12.03
17;1678;"GRÜNE";274;24985;15.56
17;1702;"DIE LINKE";274;8985;5.6
17;1299;"NPD";274;1652;1.03
17;1342;"CDU";275;48137;36.47
17;2434;"SPD";275;39845;30.19
17;2454;"FDP";275;11782;8.93
17;2681;"GRÜNE";275;16648;12.61
17;2705;"DIE LINKE";275;12520;9.49
17;3307;"NPD";275;2418;1.83
17;366;"MLPD";275;333;0.25
17;3226;;275;311;0.24
17;846;"CDU";276;75337;50.25
17;3141;"SPD";276;29977;20
17;2726;"FDP";276;17199;11.47
17;473;"GRÜNE";276;13173;8.79
17;965;"DIE LINKE";276;9821;6.55
17;3500;"NPD";276;2876;1.92
17;2994;"ödp";276;1538;1.03
17;1038;"CDU";277;59755;42.29
17;407;"SPD";277;35426;25.07
17;2483;"FDP";277;17833;12.62
17;2780;"GRÜNE";277;14952;10.58
17;3502;"DIE LINKE";277;10596;7.5
17;2632;"NPD";277;2725;1.93
17;988;"CDU";278;64659;46.87
17;1126;"SPD";278;32525;23.58
17;2798;"FDP";278;15785;11.44
17;1538;"GRÜNE";278;12082;8.76
17;3107;"DIE LINKE";278;9995;7.25
17;444;"NPD";278;2903;2.1
17;1631;"CDU";279;62224;40.73
17;1959;"SPD";279;34944;22.87
17;2901;"FDP";279;24640;16.13
17;1442;"GRÜNE";279;15236;9.97
17;958;"DIE LINKE";279;10353;6.78
17;126;"NPD";279;3172;2.08
17;2433;"PBC";279;2218;1.45
17;794;"CDU";280;64808;46.31
17;640;"SPD";280;28255;20.19
17;757;"FDP";280;17528;12.53
17;2045;"GRÜNE";280;13460;9.62
17;944;"DIE LINKE";280;9136;6.53
17;2841;"NPD";280;1915;1.37
17;2924;"REP";280;2172;1.55
17;2520;"PBC";280;2661;1.9
17;2613;"CDU";281;44749;28.84
17;632;"SPD";281;51192;33
17;696;"FDP";281;12674;8.17
17;34;"GRÜNE";281;33878;21.84
17;2999;"DIE LINKE";281;9675;6.24
17;1220;"NPD";281;890;0.57
17;3206;"REP";281;1063;0.69
17;175;"DIE VIOLETTEN";281;1023;0.66
17;2878;"CDU";282;58282;37.89
17;3547;"SPD";282;49591;32.24
17;1745;"FDP";282;16932;11.01
17;2006;"GRÜNE";282;16151;10.5
17;2509;"DIE LINKE";282;9268;6.02
17;722;"NPD";282;2106;1.37
17;1663;"PBC";282;1498;0.97
17;3372;"CDU";283;61427;42.09
17;668;"SPD";283;35339;24.22
17;477;"FDP";283;14470;9.92
17;272;"GRÜNE";283;22429;15.37
17;2243;"DIE LINKE";283;10238;7.02
17;780;"NPD";283;2022;1.39
17;2645;"CDU";284;65336;47.16
17;552;"SPD";284;27052;19.53
17;1749;"FDP";284;15454;11.16
17;1954;"GRÜNE";284;17460;12.6
17;1448;"DIE LINKE";284;10129;7.31
17;1424;"NPD";284;2069;1.49
17;1136;;284;594;0.43
17;2603;;284;264;0.19
17;571;;284;172;0.12
17;1412;"CDU";285;66104;48.05
17;718;"SPD";285;22388;16.27
17;382;"FDP";285;24395;17.73
17;384;"GRÜNE";285;11503;8.36
17;372;"DIE LINKE";285;8140;5.92
17;1425;"NPD";285;3006;2.18
17;2481;"ödp";285;2039;1.48
17;1411;"CDU";286;54172;47.36
17;2662;"SPD";286;21835;19.09
17;1487;"FDP";286;15292;13.37
17;1684;"GRÜNE";286;13034;11.4
17;3108;"DIE LINKE";286;7158;6.26
17;2840;"NPD";286;2881;2.52
17;1346;"CDU";287;59256;43.13
17;772;"SPD";287;29713;21.63
17;1240;"FDP";287;20335;14.8
17;2930;"GRÜNE";287;17439;12.69
17;3059;"DIE LINKE";287;8943;6.51
17;1869;"NPD";287;1688;1.23
17;517;"CDU";288;50967;41.53
17;2897;"SPD";288;35026;28.54
17;1495;"FDP";288;13686;11.15
17;433;"GRÜNE";288;13091;10.67
17;2831;"DIE LINKE";288;7100;5.79
17;2417;"NPD";288;1667;1.36
17;3198;"ödp";288;843;0.69
17;924;;288;349;0.28
17;133;"CDU";289;60753;42.65
17;3358;"SPD";289;31395;22.04
17;1517;"FDP";289;18203;12.78
17;2130;"GRÜNE";289;19871;13.95
17;3081;"DIE LINKE";289;8452;5.93
17;1106;"NPD";289;2491;1.75
17;3352;"MLPD";289;491;0.34
17;1961;;289;436;0.31
17;816;;289;351;0.25
17;3421;"CDU";290;55188;38.95
17;2556;"SPD";290;28501;20.11
17;357;"FDP";290;13680;9.65
17;1145;"GRÜNE";290;30560;21.57
17;1006;"DIE LINKE";290;9801;6.92
17;2730;"NPD";290;2078;1.47
17;498;"ödp";290;814;0.57
17;2628;;290;1075;0.76
17;2657;"CDU";291;67798;42.8
17;1965;"SPD";291;35875;22.65
17;3318;"FDP";291;18273;11.54
17;2719;"GRÜNE";291;21477;13.56
17;2721;"DIE LINKE";291;9605;6.06
17;2165;"NPD";291;2510;1.58
17;3102;"MLPD";291;309;0.2
17;160;;291;2329;1.47
17;2791;;291;229;0.14
17;2495;"CDU";292;48662;42.68
17;848;"SPD";292;26275;23.04
17;1882;"FDP";292;17233;15.11
17;2225;"GRÜNE";292;11176;9.8
17;3448;"DIE LINKE";292;6117;5.36
17;1007;"NPD";292;2389;2.1
17;491;"ödp";292;1760;1.54
17;81;;292;414;0.36
17;2489;"CDU";293;54169;44.96
17;1314;"SPD";293;23587;19.58
17;2477;"FDP";293;16521;13.71
17;2932;"GRÜNE";293;17349;14.4
17;2795;"DIE LINKE";293;7077;5.87
17;2124;"NPD";293;1771;1.47
17;2788;"CDU";294;56931;44.82
17;1321;"SPD";294;22530;17.74
17;2220;"FDP";294;17946;14.13
17;1921;"GRÜNE";294;18639;14.67
17;1560;"DIE LINKE";294;7918;6.23
17;3420;"NPD";294;2006;1.58
17;2668;;294;1048;0.83
17;98;"CDU";295;62858;49.42
17;881;"SPD";295;21695;17.06
17;512;"FDP";295;17220;13.54
17;1436;"GRÜNE";295;11802;9.28
17;415;"DIE LINKE";295;8292;6.52
17;2735;"NPD";295;2895;2.28
17;1844;;295;2431;1.91
17;691;"SPD";296;43737;30.37
17;1265;"CDU";296;45748;31.77
17;2778;"DIE LINKE";296;31946;22.18
17;1533;"FDP";296;10597;7.36
17;386;"GRÜNE";296;9696;6.73
17;1956;"NPD";296;1967;1.37
17;63;"MLPD";296;323;0.22
17;2818;"SPD";297;51193;32.9
17;30;"CDU";297;58297;37.46
17;2300;"DIE LINKE";297;24244;15.58
17;928;"FDP";297;11516;7.4
17;139;"GRÜNE";297;8342;5.36
17;1768;"NPD";297;2025;1.3
17;3131;"SPD";298;42910;30.87
17;2121;"CDU";298;55727;40.1
17;1180;"DIE LINKE";298;22965;16.52
17;1883;"FDP";298;9486;6.83
17;1739;"GRÜNE";298;6058;4.36
17;749;"NPD";298;1835;1.32
17;1497;"SPD";299;44500;30.92
17;800;"CDU";299;48092;33.42
17;2461;"DIE LINKE";299;27933;19.41
17;2752;"FDP";299;10508;7.3
17;39;"GRÜNE";299;6575;4.57
17;442;"FAMILIE";299;4102;2.85
17;586;"NPD";299;2206;1.53
